{
"type": "FeatureCollection",
"name": "districts",
"features": [
{ "type": "Feature", "properties": { "dt_code": "203", "district": "West Champaran", "st_code": "10", "year": "2011_c", "st_nm": "Bihar" }, "geometry": { "type": "Polygon", "coordinates": [ [ [ 84.5029405, 26.6029113 ], [ 84.5238043, 26.5989445 ], [ 84.5238043, 26.5997379 ], [ 84.5213131, 26.6285629 ], [ 84.5443568, 26.6534213 ], [ 84.5976065, 26.6758995 ], [ 84.5969837, 26.6933532 ], [ 84.6365316, 26.6925599 ], [ 84.6524131, 26.6788085 ], [ 84.6966321, 26.7205916 ], [ 84.7016145, 26.7153026 ], [ 84.7047285, 26.7359297 ], [ 84.7277723, 26.742541 ], [ 84.7280837, 26.7428054 ], [ 84.7162504, 26.7790351 ], [ 84.7442765, 26.8160582 ], [ 84.7199872, 26.8258428 ], [ 84.7346231, 26.8422387 ], [ 84.7156276, 26.8425032 ], [ 84.7109566, 26.8544035 ], [ 84.7181188, 26.8567835 ], [ 84.6897813, 26.8776751 ], [ 84.6788822, 26.9136403 ], [ 84.6869787, 26.9228961 ], [ 84.6869787, 26.9117892 ], [ 84.6972549, 26.9139048 ], [ 84.6991233, 26.9403498 ], [ 84.7125136, 26.9406142 ], [ 84.7249696, 26.9564812 ], [ 84.7411625, 26.955159 ], [ 84.7505046, 26.9697038 ], [ 84.7455221, 26.9837196 ], [ 84.760158, 27.0022311 ], [ 84.7582896, 27.0030245 ], [ 84.6424483, 27.0477166 ], [ 84.6461851, 27.0757483 ], [ 84.6738998, 27.0958465 ], [ 84.6695402, 27.1095979 ], [ 84.679505, 27.1138292 ], [ 84.6876015, 27.1587857 ], [ 84.6729656, 27.1709504 ], [ 84.6876015, 27.1796773 ], [ 84.6807506, 27.2003044 ], [ 84.6897813, 27.2217249 ], [ 84.6200274, 27.3394052 ], [ 84.4851906, 27.3600323 ], [ 84.4702433, 27.3547433 ], [ 84.4222875, 27.3714037 ], [ 84.3540906, 27.3716682 ], [ 84.305512, 27.3883285 ], [ 84.2939901, 27.3825106 ], [ 84.2793543, 27.3946753 ], [ 84.2812227, 27.4139802 ], [ 84.2584904, 27.4510032 ], [ 84.2326441, 27.4557633 ], [ 84.2204994, 27.4406897 ], [ 84.2105346, 27.4428053 ], [ 84.2083547, 27.4687214 ], [ 84.1491885, 27.4861751 ], [ 84.1516797, 27.5168513 ], [ 84.1233422, 27.5118268 ], [ 84.1083949, 27.521347 ], [ 84.0974959, 27.5168513 ], [ 84.0928248, 27.4904063 ], [ 84.0669785, 27.4819439 ], [ 84.0573251, 27.4557633 ], [ 84.0162201, 27.4372518 ], [ 83.9343215, 27.4499454 ], [ 83.8698614, 27.4375163 ], [ 83.8480633, 27.4488876 ], [ 83.8309363, 27.4272027 ], [ 83.8841859, 27.3708748 ], [ 83.8623878, 27.3354385 ], [ 83.8368529, 27.322216 ], [ 83.8642562, 27.3103157 ], [ 83.8714184, 27.3074067 ], [ 83.9100322, 27.3238027 ], [ 83.9302733, 27.3137535 ], [ 83.9321417, 27.3119024 ], [ 83.9327645, 27.3084645 ], [ 83.9312075, 27.2965643 ], [ 83.9218655, 27.2865152 ], [ 83.9109664, 27.2783172 ], [ 83.9072296, 27.2751438 ], [ 83.9050498, 27.2735571 ], [ 83.9053612, 27.2574256 ], [ 83.9115892, 27.2465832 ], [ 83.912212, 27.2460543 ], [ 83.912212, 27.2457898 ], [ 83.9685757, 27.2246338 ], [ 83.9701327, 27.2233116 ], [ 83.9676415, 27.2095601 ], [ 83.9872598, 27.197131 ], [ 83.9909966, 27.1854952 ], [ 83.9941106, 27.1751816 ], [ 83.9592336, 27.1368363 ], [ 83.9464662, 27.090822 ], [ 83.9645275, 27.0842107 ], [ 84.0165315, 27.1053667 ], [ 84.0302332, 27.0976977 ], [ 84.0165315, 27.0717816 ], [ 84.0000272, 27.0686082 ], [ 84.04954, 27.0432209 ], [ 84.0373954, 27.0091069 ], [ 84.0567023, 26.989802 ], [ 84.0458032, 26.9823974 ], [ 84.0548339, 26.9601836 ], [ 84.0321016, 26.9411431 ], [ 84.046426, 26.939292 ], [ 84.043312, 26.9318874 ], [ 84.0601277, 26.9202516 ], [ 84.0523427, 26.9065002 ], [ 84.0604391, 26.8882531 ], [ 84.0604391, 26.8879886 ], [ 84.0981187, 26.8760884 ], [ 84.1105747, 26.8985666 ], [ 84.1180483, 26.8877242 ], [ 84.1463859, 26.8853441 ], [ 84.1407806, 26.8528167 ], [ 84.1660042, 26.8337763 ], [ 84.1818856, 26.8335119 ], [ 84.1902935, 26.8586347 ], [ 84.2195652, 26.8715927 ], [ 84.2466571, 26.8596925 ], [ 84.2559992, 26.84885 ], [ 84.2591132, 26.8369497 ], [ 84.2503939, 26.8192316 ], [ 84.259736, 26.8046868 ], [ 84.259736, 26.8041579 ], [ 84.2326441, 26.7536479 ], [ 84.2454115, 26.7351364 ], [ 84.2491483, 26.7295829 ], [ 84.2510167, 26.7306407 ], [ 84.2858937, 26.75021 ], [ 84.3061348, 26.7496811 ], [ 84.3304241, 26.6840975 ], [ 84.4107656, 26.6700816 ], [ 84.4132569, 26.6380831 ], [ 84.4173051, 26.6375542 ], [ 84.4182393, 26.6317363 ], [ 84.4288269, 26.6364964 ], [ 84.4322523, 26.6140182 ], [ 84.4123226, 26.5836064 ], [ 84.4577873, 26.6330586 ], [ 84.456853, 26.6248606 ], [ 84.485502, 26.6179849 ], [ 84.4873704, 26.6060847 ], [ 84.5029405, 26.6029113 ] ] ] } },
{ "type": "Feature", "properties": { "dt_code": "204", "district": "East Champaran", "st_code": "10", "year": "2011_c", "st_nm": "Bihar" }, "geometry": { "type": "Polygon", "coordinates": [ [ [ 84.5029405, 26.6029113 ], [ 84.4914186, 26.6047624 ], [ 84.4876818, 26.5878376 ], [ 84.5138395, 26.5632437 ], [ 84.5104141, 26.5333608 ], [ 84.5446682, 26.4968667 ], [ 84.5384402, 26.4836442 ], [ 84.5546331, 26.4820575 ], [ 84.5617953, 26.49528 ], [ 84.5779882, 26.4862887 ], [ 84.5736286, 26.4701572 ], [ 84.591067, 26.4371009 ], [ 84.6517903, 26.4667194 ], [ 84.7069084, 26.4307541 ], [ 84.7280837, 26.3789219 ], [ 84.7489475, 26.3556503 ], [ 84.767943, 26.3374032 ], [ 84.7853815, 26.3371387 ], [ 84.8000174, 26.3178339 ], [ 84.8071796, 26.3228584 ], [ 84.8062454, 26.2858354 ], [ 84.8320917, 26.2863643 ], [ 84.8651003, 26.2599193 ], [ 84.8688371, 26.2567459 ], [ 84.902157, 26.3260318 ], [ 84.9800074, 26.3231229 ], [ 85.0005599, 26.3326431 ], [ 85.0220466, 26.3188917 ], [ 85.0450903, 26.3421633 ], [ 85.0662656, 26.3344942 ], [ 85.1301028, 26.312016 ], [ 85.1422475, 26.3231229 ], [ 85.1584404, 26.3170405 ], [ 85.1799271, 26.3408411 ], [ 85.1874007, 26.3276185 ], [ 85.1805499, 26.3207428 ], [ 85.1905147, 26.3122804 ], [ 85.1926945, 26.3294697 ], [ 85.1939401, 26.3133382 ], [ 85.2026594, 26.3199495 ], [ 85.2020366, 26.3048758 ], [ 85.1877121, 26.301438 ], [ 85.1880235, 26.3011735 ], [ 85.2001681, 26.29324 ], [ 85.2067076, 26.3027602 ], [ 85.200791, 26.2853065 ], [ 85.2035936, 26.2876865 ], [ 85.2313083, 26.3085781 ], [ 85.2362907, 26.2995868 ], [ 85.2608914, 26.2987935 ], [ 85.2565318, 26.3265607 ], [ 85.2739703, 26.3350231 ], [ 85.2219662, 26.3500968 ], [ 85.2216548, 26.3516835 ], [ 85.2244575, 26.3659638 ], [ 85.2406503, 26.3691372 ], [ 85.2540406, 26.3500968 ], [ 85.2808211, 26.3487746 ], [ 85.2814439, 26.349039 ], [ 85.2876719, 26.3527413 ], [ 85.2879833, 26.3530058 ], [ 85.2895403, 26.3537991 ], [ 85.2957684, 26.3577659 ], [ 85.2789527, 26.364906 ], [ 85.290786, 26.3717817 ], [ 85.2826895, 26.3958467 ], [ 85.2714791, 26.3884421 ], [ 85.2499924, 26.4027224 ], [ 85.2540406, 26.4185894 ], [ 85.2437643, 26.4106559 ], [ 85.2428301, 26.4209695 ], [ 85.2331767, 26.4238784 ], [ 85.2309969, 26.4140938 ], [ 85.2263259, 26.4252007 ], [ 85.2060848, 26.4265229 ], [ 85.2166724, 26.4320764 ], [ 85.2048392, 26.4468856 ], [ 85.2138698, 26.450059 ], [ 85.1783701, 26.4876109 ], [ 85.1845981, 26.4989823 ], [ 85.2229004, 26.5055936 ], [ 85.2229004, 26.5061225 ], [ 85.2207206, 26.5492279 ], [ 85.2331767, 26.5494923 ], [ 85.2397161, 26.561657 ], [ 85.2325539, 26.5714417 ], [ 85.2608914, 26.5873087 ], [ 85.2593344, 26.612167 ], [ 85.2758387, 26.6304141 ], [ 85.2761501, 26.6306785 ], [ 85.2745931, 26.6320008 ], [ 85.2649396, 26.6444299 ], [ 85.2655624, 26.6470744 ], [ 85.266808, 26.657388 ], [ 85.2515494, 26.670875 ], [ 85.2400275, 26.6650571 ], [ 85.2390933, 26.6661149 ], [ 85.2390933, 26.6711394 ], [ 85.2608914, 26.6941466 ], [ 85.2602686, 26.6970555 ], [ 85.2615142, 26.6981133 ], [ 85.255909, 26.7454499 ], [ 85.2584002, 26.7515323 ], [ 85.2549748, 26.7533835 ], [ 85.2406503, 26.7615814 ], [ 85.2095102, 26.7589369 ], [ 85.1789929, 26.79834 ], [ 85.1917603, 26.8689482 ], [ 85.0989627, 26.8713283 ], [ 85.0858838, 26.8665682 ], [ 85.0833926, 26.8533456 ], [ 85.0229808, 26.8551968 ], [ 85.0304544, 26.875295 ], [ 85.0609717, 26.8869308 ], [ 85.0046081, 26.8951288 ], [ 84.9999371, 26.9117892 ], [ 84.9687969, 26.9157559 ], [ 84.9778276, 26.9377053 ], [ 84.9622575, 26.960448 ], [ 84.8915694, 26.9699682 ], [ 84.8557582, 26.9863641 ], [ 84.8554468, 27.0083135 ], [ 84.8233725, 27.0210071 ], [ 84.8087366, 27.0183626 ], [ 84.7934779, 26.9961488 ], [ 84.7816447, 27.0143959 ], [ 84.764829, 27.0133381 ], [ 84.7582896, 27.0030245 ], [ 84.760158, 27.0022311 ], [ 84.7455221, 26.9837196 ], [ 84.7505046, 26.9697038 ], [ 84.7411625, 26.955159 ], [ 84.7249696, 26.9564812 ], [ 84.7125136, 26.9406142 ], [ 84.6991233, 26.9403498 ], [ 84.6972549, 26.9139048 ], [ 84.6869787, 26.9117892 ], [ 84.6869787, 26.9228961 ], [ 84.6788822, 26.9136403 ], [ 84.6897813, 26.8776751 ], [ 84.7181188, 26.8567835 ], [ 84.7109566, 26.8544035 ], [ 84.7156276, 26.8425032 ], [ 84.7346231, 26.8422387 ], [ 84.7199872, 26.8258428 ], [ 84.7442765, 26.8160582 ], [ 84.7162504, 26.7790351 ], [ 84.7280837, 26.7428054 ], [ 84.7277723, 26.742541 ], [ 84.7047285, 26.7359297 ], [ 84.7016145, 26.7153026 ], [ 84.6966321, 26.7205916 ], [ 84.6524131, 26.6788085 ], [ 84.6365316, 26.6925599 ], [ 84.5969837, 26.6933532 ], [ 84.5976065, 26.6758995 ], [ 84.5443568, 26.6534213 ], [ 84.5213131, 26.6285629 ], [ 84.5238043, 26.5997379 ], [ 84.5238043, 26.5989445 ], [ 84.5029405, 26.6029113 ] ] ] } },
{ "type": "Feature", "properties": { "dt_code": "206", "district": "Sitamarhi", "st_code": "10", "year": "2011_c", "st_nm": "Bihar" }, "geometry": { "type": "Polygon", "coordinates": [ [ [ 85.2655624, 26.6470744 ], [ 85.2770843, 26.6505123 ], [ 85.2817553, 26.64681 ], [ 85.2858035, 26.6528924 ], [ 85.3172551, 26.6613548 ], [ 85.3178779, 26.6610903 ], [ 85.3499522, 26.6454877 ], [ 85.3673907, 26.6195716 ], [ 85.3549346, 26.6092581 ], [ 85.3515092, 26.5920688 ], [ 85.3605399, 26.5963 ], [ 85.3624083, 26.5870442 ], [ 85.352132, 26.5796396 ], [ 85.3792239, 26.5817552 ], [ 85.3882546, 26.5706483 ], [ 85.3767327, 26.569855 ], [ 85.3736187, 26.5571614 ], [ 85.3627197, 26.553988 ], [ 85.3608513, 26.5444677 ], [ 85.3789125, 26.5465834 ], [ 85.4016448, 26.5153782 ], [ 85.3866976, 26.5214606 ], [ 85.3845178, 26.508767 ], [ 85.4028904, 26.5029491 ], [ 85.3611627, 26.5066514 ], [ 85.3586715, 26.4865531 ], [ 85.3723731, 26.4685705 ], [ 85.3596057, 26.4328697 ], [ 85.3776669, 26.4053669 ], [ 85.3617855, 26.3643771 ], [ 85.387009, 26.3535347 ], [ 85.3757985, 26.3371387 ], [ 85.3733073, 26.3337009 ], [ 85.3754871, 26.3133382 ], [ 85.393237, 26.3069914 ], [ 85.3826494, 26.3244451 ], [ 85.3969738, 26.3101648 ], [ 85.4094299, 26.3183628 ], [ 85.4147237, 26.3030247 ], [ 85.3991536, 26.3054047 ], [ 85.3944826, 26.287951 ], [ 85.393237, 26.2821331 ], [ 85.3941712, 26.2810753 ], [ 85.4069387, 26.2929756 ], [ 85.4069387, 26.2916533 ], [ 85.4091185, 26.2831909 ], [ 85.4112983, 26.2726129 ], [ 85.4116097, 26.2715551 ], [ 85.4262456, 26.29086 ], [ 85.4271798, 26.2919178 ], [ 85.4221973, 26.2784308 ], [ 85.4203289, 26.2723484 ], [ 85.4315394, 26.2784308 ], [ 85.44057, 26.2831909 ], [ 85.4408814, 26.2834553 ], [ 85.4399472, 26.2794886 ], [ 85.4387016, 26.2710262 ], [ 85.4614339, 26.3011735 ], [ 85.4661049, 26.3323786 ], [ 85.4661049, 26.3326431 ], [ 85.5012933, 26.3622615 ], [ 85.5044073, 26.380773 ], [ 85.5452009, 26.3696661 ], [ 85.5788322, 26.3926733 ], [ 85.5797664, 26.3932022 ], [ 85.5754068, 26.3619971 ], [ 85.6115294, 26.3495679 ], [ 85.6115294, 26.3334364 ], [ 85.6333275, 26.3329075 ], [ 85.6317705, 26.317305 ], [ 85.6492089, 26.322594 ], [ 85.6719412, 26.3128093 ], [ 85.6840859, 26.3188917 ], [ 85.6868885, 26.3202139 ], [ 85.7021472, 26.3054047 ], [ 85.7046384, 26.3030247 ], [ 85.707441, 26.3061981 ], [ 85.7130462, 26.3128093 ], [ 85.7273707, 26.3093715 ], [ 85.7286163, 26.3421633 ], [ 85.704327, 26.3506257 ], [ 85.701213, 26.3514191 ], [ 85.7009016, 26.3366098 ], [ 85.6775465, 26.3508902 ], [ 85.6766123, 26.3511546 ], [ 85.7071296, 26.3564436 ], [ 85.7146032, 26.3577659 ], [ 85.6909367, 26.3757485 ], [ 85.6968534, 26.3902932 ], [ 85.6875113, 26.4027224 ], [ 85.6884455, 26.4135649 ], [ 85.6884455, 26.4135649 ], [ 85.6884455, 26.4138293 ], [ 85.705884, 26.4212339 ], [ 85.7061954, 26.4222917 ], [ 85.705884, 26.4442411 ], [ 85.7111778, 26.44477 ], [ 85.7139804, 26.4452989 ], [ 85.7223883, 26.4463567 ], [ 85.742318, 26.4328697 ], [ 85.7666073, 26.4360431 ], [ 85.7719011, 26.4452989 ], [ 85.7553968, 26.4532324 ], [ 85.75166, 26.4672483 ], [ 85.7550854, 26.4683061 ], [ 85.7600678, 26.4696283 ], [ 85.7647389, 26.471215 ], [ 85.7930764, 26.4548191 ], [ 85.8117605, 26.4685705 ], [ 85.803664, 26.481793 ], [ 85.7790633, 26.4759751 ], [ 85.7787519, 26.4759751 ], [ 85.7747037, 26.4788841 ], [ 85.7597564, 26.489991 ], [ 85.7591336, 26.4905199 ], [ 85.7762607, 26.5161716 ], [ 85.7899624, 26.5148493 ], [ 85.7877826, 26.4966023 ], [ 85.7980588, 26.4963378 ], [ 85.8254621, 26.5415588 ], [ 85.8055324, 26.5547813 ], [ 85.8167429, 26.6002668 ], [ 85.8014842, 26.6243317 ], [ 85.7476118, 26.6394054 ], [ 85.7236339, 26.6740484 ], [ 85.7342215, 26.737252 ], [ 85.7292391, 26.8086536 ], [ 85.704327, 26.8321896 ], [ 85.6426695, 26.8533456 ], [ 85.6351959, 26.8723861 ], [ 85.5856831, 26.8469988 ], [ 85.5757182, 26.8607503 ], [ 85.5660648, 26.8409165 ], [ 85.5436439, 26.8380075 ], [ 85.5221572, 26.8165871 ], [ 85.4975565, 26.8128848 ], [ 85.4953767, 26.7972822 ], [ 85.4794952, 26.8023067 ], [ 85.4542717, 26.7822085 ], [ 85.4075615, 26.7917287 ], [ 85.3748643, 26.7615814 ], [ 85.3546232, 26.7602592 ], [ 85.3343821, 26.7417476 ], [ 85.254352, 26.7573502 ], [ 85.2549748, 26.7533835 ], [ 85.2584002, 26.7515323 ], [ 85.255909, 26.7454499 ], [ 85.2615142, 26.6981133 ], [ 85.2602686, 26.6970555 ], [ 85.2608914, 26.6941466 ], [ 85.2390933, 26.6711394 ], [ 85.2390933, 26.6661149 ], [ 85.2400275, 26.6650571 ], [ 85.2515494, 26.670875 ], [ 85.266808, 26.657388 ], [ 85.2655624, 26.6470744 ] ] ] } },
{ "type": "Feature", "properties": { "dt_code": "205", "district": "Sheohar", "st_code": "10", "year": "2011_c", "st_nm": "Bihar" }, "geometry": { "type": "MultiPolygon", "coordinates": [ [ [ [ 85.2895403, 26.3537991 ], [ 85.2991938, 26.3440145 ], [ 85.3265971, 26.3498324 ], [ 85.3269085, 26.3500968 ], [ 85.3306453, 26.3379321 ], [ 85.3340707, 26.3273541 ], [ 85.3346935, 26.3434856 ], [ 85.3353163, 26.3434856 ], [ 85.3480838, 26.3456012 ], [ 85.352132, 26.3360809 ], [ 85.3620969, 26.3463945 ], [ 85.3757985, 26.3371387 ], [ 85.387009, 26.3535347 ], [ 85.3617855, 26.3643771 ], [ 85.3776669, 26.4053669 ], [ 85.3596057, 26.4328697 ], [ 85.3723731, 26.4685705 ], [ 85.3586715, 26.4865531 ], [ 85.3611627, 26.5066514 ], [ 85.4028904, 26.5029491 ], [ 85.3845178, 26.508767 ], [ 85.3866976, 26.5214606 ], [ 85.4016448, 26.5153782 ], [ 85.3789125, 26.5465834 ], [ 85.3608513, 26.5444677 ], [ 85.3627197, 26.553988 ], [ 85.3736187, 26.5571614 ], [ 85.3767327, 26.569855 ], [ 85.3882546, 26.5706483 ], [ 85.3792239, 26.5817552 ], [ 85.352132, 26.5796396 ], [ 85.3624083, 26.5870442 ], [ 85.3605399, 26.5963 ], [ 85.3515092, 26.5920688 ], [ 85.3549346, 26.6092581 ], [ 85.3673907, 26.6195716 ], [ 85.3499522, 26.6454877 ], [ 85.3178779, 26.6610903 ], [ 85.3172551, 26.6613548 ], [ 85.2858035, 26.6528924 ], [ 85.2817553, 26.64681 ], [ 85.2770843, 26.6505123 ], [ 85.2655624, 26.6470744 ], [ 85.2649396, 26.6444299 ], [ 85.2745931, 26.6320008 ], [ 85.2761501, 26.6306785 ], [ 85.2758387, 26.6304141 ], [ 85.2593344, 26.612167 ], [ 85.2608914, 26.5873087 ], [ 85.2325539, 26.5714417 ], [ 85.2397161, 26.561657 ], [ 85.2331767, 26.5494923 ], [ 85.2207206, 26.5492279 ], [ 85.2229004, 26.5061225 ], [ 85.2229004, 26.5055936 ], [ 85.1845981, 26.4989823 ], [ 85.1783701, 26.4876109 ], [ 85.2138698, 26.450059 ], [ 85.2048392, 26.4468856 ], [ 85.2166724, 26.4320764 ], [ 85.2060848, 26.4265229 ], [ 85.2263259, 26.4252007 ], [ 85.2309969, 26.4140938 ], [ 85.2331767, 26.4238784 ], [ 85.2428301, 26.4209695 ], [ 85.2437643, 26.4106559 ], [ 85.2540406, 26.4185894 ], [ 85.2499924, 26.4027224 ], [ 85.2714791, 26.3884421 ], [ 85.2826895, 26.3958467 ], [ 85.290786, 26.3717817 ], [ 85.2789527, 26.364906 ], [ 85.2957684, 26.3577659 ], [ 85.2895403, 26.3537991 ] ] ], [ [ [ 85.2814439, 26.349039 ], [ 85.2817553, 26.3442789 ], [ 85.2876719, 26.3527413 ], [ 85.2814439, 26.349039 ] ] ] ] } },
{ "type": "Feature", "properties": { "dt_code": "217", "district": "Gopalganj", "st_code": "10", "year": "2011_c", "st_nm": "Bihar" }, "geometry": { "type": "Polygon", "coordinates": [ [ [ 84.4182393, 26.6317363 ], [ 84.4194849, 26.6261829 ], [ 84.3796255, 26.6145471 ], [ 84.3073804, 26.6163982 ], [ 84.3005296, 26.6039691 ], [ 84.2815341, 26.5994734 ], [ 84.2011925, 26.6248606 ], [ 84.1603989, 26.6245962 ], [ 84.1588419, 26.636232 ], [ 84.1121317, 26.6306785 ], [ 84.0865968, 26.6391409 ], [ 84.089088, 26.6031757 ], [ 84.0520312, 26.5516079 ], [ 84.0557681, 26.5492279 ], [ 84.0567023, 26.548699 ], [ 84.0548339, 26.5476412 ], [ 84.0087465, 26.521725 ], [ 83.9766721, 26.5333608 ], [ 83.9748037, 26.5079736 ], [ 83.9713783, 26.5082381 ], [ 83.9511372, 26.5090314 ], [ 83.9402382, 26.5251629 ], [ 83.9081638, 26.5190805 ], [ 83.915326, 26.5029491 ], [ 83.9081638, 26.4471501 ], [ 83.9916194, 26.4323408 ], [ 83.9978474, 26.4466212 ], [ 84.0174657, 26.447679 ], [ 84.03397, 26.4117137 ], [ 84.0638645, 26.4008713 ], [ 84.075075, 26.3873843 ], [ 84.0999871, 26.3839464 ], [ 84.1211624, 26.3852687 ], [ 84.1572849, 26.3757485 ], [ 84.1756576, 26.3733684 ], [ 84.2136486, 26.3527413 ], [ 84.2127144, 26.3360809 ], [ 84.2668982, 26.3104293 ], [ 84.273749, 26.3080492 ], [ 84.2774859, 26.3101648 ], [ 84.2812227, 26.3175694 ], [ 84.2933673, 26.3180983 ], [ 84.321082, 26.3321142 ], [ 84.3213934, 26.3318497 ], [ 84.3213934, 26.3321142 ], [ 84.3372749, 26.3233873 ], [ 84.3378977, 26.306727 ], [ 84.3578274, 26.3017024 ], [ 84.3628098, 26.3686083 ], [ 84.4282041, 26.3744262 ], [ 84.4574759, 26.3680794 ], [ 84.452182, 26.3485101 ], [ 84.4817652, 26.335552 ], [ 84.5188219, 26.3392543 ], [ 84.5490279, 26.3255029 ], [ 84.5387516, 26.3019669 ], [ 84.5524533, 26.2977357 ], [ 84.5568129, 26.3138671 ], [ 84.5758084, 26.324974 ], [ 84.6072599, 26.303818 ], [ 84.6539701, 26.2990579 ], [ 84.6521017, 26.2718195 ], [ 84.6872901, 26.2675883 ], [ 84.6798164, 26.2408789 ], [ 84.7131364, 26.2416722 ], [ 84.7327547, 26.2263341 ], [ 84.7520616, 26.2271274 ], [ 84.7610922, 26.2088804 ], [ 84.7651404, 26.2096737 ], [ 84.7635834, 26.2149627 ], [ 84.7716798, 26.2115249 ], [ 84.7891183, 26.2041203 ], [ 84.8619862, 26.2210451 ], [ 84.8977974, 26.2144338 ], [ 84.9065166, 26.2406144 ], [ 84.8847185, 26.2342676 ], [ 84.8651003, 26.2599193 ], [ 84.8320917, 26.2863643 ], [ 84.8062454, 26.2858354 ], [ 84.8071796, 26.3228584 ], [ 84.8000174, 26.3178339 ], [ 84.7853815, 26.3371387 ], [ 84.767943, 26.3374032 ], [ 84.7489475, 26.3556503 ], [ 84.7280837, 26.3789219 ], [ 84.7069084, 26.4307541 ], [ 84.6517903, 26.4667194 ], [ 84.591067, 26.4371009 ], [ 84.5736286, 26.4701572 ], [ 84.5779882, 26.4862887 ], [ 84.5617953, 26.49528 ], [ 84.5546331, 26.4820575 ], [ 84.5384402, 26.4836442 ], [ 84.5446682, 26.4968667 ], [ 84.5104141, 26.5333608 ], [ 84.5138395, 26.5632437 ], [ 84.4876818, 26.5878376 ], [ 84.4914186, 26.6047624 ], [ 84.5029405, 26.6029113 ], [ 84.4873704, 26.6060847 ], [ 84.485502, 26.6179849 ], [ 84.456853, 26.6248606 ], [ 84.4577873, 26.6330586 ], [ 84.4123226, 26.5836064 ], [ 84.4322523, 26.6140182 ], [ 84.4288269, 26.6364964 ], [ 84.4182393, 26.6317363 ] ] ] } },
{ "type": "Feature", "properties": { "dt_code": "221", "district": "Samastipur", "st_code": "10", "year": "2011_c", "st_nm": "Bihar" }, "geometry": { "type": "Polygon", "coordinates": [ [ [ 86.3912784, 25.718854 ], [ 86.390967, 25.7191185 ], [ 86.3673005, 25.7310188 ], [ 86.3660549, 25.7418612 ], [ 86.3224587, 25.7384234 ], [ 86.3190333, 25.7397456 ], [ 86.3109369, 25.758786 ], [ 86.3087571, 25.7598438 ], [ 86.3084457, 25.7606372 ], [ 86.293187, 25.7661906 ], [ 86.2922528, 25.7667195 ], [ 86.2922528, 25.7667195 ], [ 86.2857134, 25.764075 ], [ 86.2614241, 25.7540259 ], [ 86.2558188, 25.7696285 ], [ 86.2249901, 25.7770331 ], [ 86.2165823, 25.7873467 ], [ 86.2368234, 25.7960735 ], [ 86.2231217, 25.8108827 ], [ 86.2284155, 25.8410301 ], [ 86.24274, 25.852137 ], [ 86.2296611, 25.8613927 ], [ 86.2393146, 25.8809621 ], [ 86.2309067, 25.8957713 ], [ 86.2134682, 25.8878378 ], [ 86.1742317, 25.8952424 ], [ 86.1602186, 25.8812265 ], [ 86.1536792, 25.8970935 ], [ 86.108526, 25.8941846 ], [ 86.1001181, 25.913225 ], [ 86.1001181, 25.9126961 ], [ 86.0929559, 25.897358 ], [ 86.0527851, 25.9253897 ], [ 86.0562105, 25.9327943 ], [ 86.0381493, 25.9306787 ], [ 86.0459343, 25.9391411 ], [ 86.0375265, 25.944959 ], [ 86.0060749, 25.9415212 ], [ 85.9998469, 25.9304143 ], [ 85.9873908, 25.9526281 ], [ 85.9540709, 25.9610905 ], [ 85.9459745, 25.9534214 ], [ 85.9416148, 25.9671728 ], [ 85.930093, 25.9581815 ], [ 85.9182597, 25.9833043 ], [ 85.9076721, 25.9764286 ], [ 85.888988, 25.995469 ], [ 85.8740407, 25.9957335 ], [ 85.8759091, 26.0145094 ], [ 85.8678127, 26.0279964 ], [ 85.8503742, 26.0274675 ], [ 85.8519312, 26.0404256 ], [ 85.8379182, 26.0316987 ], [ 85.7815545, 26.0398967 ], [ 85.7659845, 26.0570859 ], [ 85.7585108, 26.0396322 ], [ 85.7420066, 26.0496813 ], [ 85.7314189, 26.0388389 ], [ 85.7233225, 26.0449212 ], [ 85.7205199, 26.0478302 ], [ 85.7298619, 26.0705729 ], [ 85.7198971, 26.0676639 ], [ 85.7195857, 26.0681928 ], [ 85.7149146, 26.0885555 ], [ 85.7114892, 26.0882911 ], [ 85.708998, 26.0771841 ], [ 85.7024586, 26.0465079 ], [ 85.6918709, 26.0478302 ], [ 85.6825289, 26.0277319 ], [ 85.6660246, 26.0282608 ], [ 85.6482747, 26.0031381 ], [ 85.6345731, 26.0023447 ], [ 85.6364415, 25.9938823 ], [ 85.6398669, 25.9790731 ], [ 85.6404897, 25.9764286 ], [ 85.6376871, 25.9716685 ], [ 85.6330161, 25.9547437 ], [ 85.6436037, 25.9404634 ], [ 85.6451607, 25.9161339 ], [ 85.6286565, 25.9034403 ], [ 85.6242968, 25.8801687 ], [ 85.6121522, 25.878582 ], [ 85.6102838, 25.854517 ], [ 85.5984505, 25.8497569 ], [ 85.6149548, 25.8426168 ], [ 85.6090382, 25.8341544 ], [ 85.6193144, 25.8256919 ], [ 85.6068584, 25.7907845 ], [ 85.6140206, 25.7765042 ], [ 85.6295907, 25.7735952 ], [ 85.6186916, 25.7595794 ], [ 85.611218, 25.7103916 ], [ 85.5704244, 25.6884423 ], [ 85.5504947, 25.6239164 ], [ 85.5371044, 25.6239164 ], [ 85.5293194, 25.6027604 ], [ 85.529008, 25.5905957 ], [ 85.5470693, 25.5781665 ], [ 85.5436439, 25.5689107 ], [ 85.5570341, 25.5628284 ], [ 85.5473807, 25.5406146 ], [ 85.5339904, 25.556746 ], [ 85.533679, 25.5559527 ], [ 85.5318106, 25.5522504 ], [ 85.5265168, 25.5416724 ], [ 85.527451, 25.5382345 ], [ 85.5286966, 25.5379701 ], [ 85.5333676, 25.5080872 ], [ 85.5455123, 25.506236 ], [ 85.5445781, 25.4837578 ], [ 85.611218, 25.4853445 ], [ 85.6168232, 25.4853445 ], [ 85.614332, 25.4840222 ], [ 85.5956479, 25.4739731 ], [ 85.6510774, 25.4620728 ], [ 85.6548142, 25.4631306 ], [ 85.6473405, 25.4990959 ], [ 85.6775465, 25.4953936 ], [ 85.6794149, 25.4763532 ], [ 85.7236339, 25.525012 ], [ 85.7335987, 25.5218386 ], [ 85.7345329, 25.5244831 ], [ 85.745432, 25.5570105 ], [ 85.7759493, 25.5845133 ], [ 85.8485058, 25.5749931 ], [ 85.8500628, 25.6038182 ], [ 85.8298217, 25.6175696 ], [ 85.8438348, 25.6437502 ], [ 85.8712381, 25.6445435 ], [ 85.8805802, 25.6646417 ], [ 85.8899222, 25.6617328 ], [ 85.8815144, 25.6339655 ], [ 85.8964616, 25.6508903 ], [ 85.9157685, 25.6379323 ], [ 85.9500227, 25.6506259 ], [ 85.977426, 25.6138673 ], [ 86.0101231, 25.5969425 ], [ 86.0132372, 25.6339655 ], [ 86.0228906, 25.641899 ], [ 86.01386, 25.6572371 ], [ 86.0241362, 25.6635839 ], [ 86.0060749, 25.663055 ], [ 85.9989127, 25.6810377 ], [ 86.0291186, 25.6937313 ], [ 86.0101231, 25.7077471 ], [ 86.0107459, 25.7230852 ], [ 86.0250704, 25.7159451 ], [ 86.0300528, 25.7257298 ], [ 86.0412633, 25.7214985 ], [ 86.0434431, 25.7336633 ], [ 86.0770744, 25.7265231 ], [ 86.0861051, 25.732341 ], [ 86.075206, 25.7402745 ], [ 86.0839253, 25.7442413 ], [ 86.1318811, 25.7357789 ], [ 86.1384205, 25.7550837 ], [ 86.106969, 25.7585216 ], [ 86.1060348, 25.7741241 ], [ 86.1110172, 25.7749175 ], [ 86.1200478, 25.7738597 ], [ 86.1377977, 25.7664551 ], [ 86.1331267, 25.7614305 ], [ 86.1434029, 25.764075 ], [ 86.1508766, 25.7609016 ], [ 86.1521222, 25.7574638 ], [ 86.1508766, 25.7513814 ], [ 86.1446485, 25.7452991 ], [ 86.1483854, 25.7394812 ], [ 86.1458941, 25.7283743 ], [ 86.1430915, 25.727052 ], [ 86.1412231, 25.7069538 ], [ 86.1617756, 25.7185896 ], [ 86.1773457, 25.7130361 ], [ 86.1820167, 25.6649062 ], [ 86.2558188, 25.6485103 ], [ 86.255196, 25.63661 ], [ 86.2735687, 25.6297343 ], [ 86.2938098, 25.6376678 ], [ 86.2919414, 25.6543282 ], [ 86.3261955, 25.6567082 ], [ 86.3592041, 25.6995492 ], [ 86.3912784, 25.718854 ] ] ] } },
{ "type": "Feature", "properties": { "dt_code": "212", "district": "Katihar", "st_code": "10", "year": "2011_c", "st_nm": "Bihar" }, "geometry": { "type": "Polygon", "coordinates": [ [ [ 87.55156, 25.3314344 ], [ 87.5711783, 25.3332856 ], [ 87.5842571, 25.3491526 ], [ 87.5917308, 25.3420124 ], [ 87.5851913, 25.33117 ], [ 87.5848799, 25.3306411 ], [ 87.6001386, 25.320592 ], [ 87.6110377, 25.3131873 ], [ 87.6116605, 25.3129229 ], [ 87.6122833, 25.3131873 ], [ 87.6306559, 25.3197986 ], [ 87.6549452, 25.3076339 ], [ 87.692002, 25.3116006 ], [ 87.6851512, 25.3060472 ], [ 87.6985414, 25.3039316 ], [ 87.6932476, 25.2846267 ], [ 87.7113089, 25.2745776 ], [ 87.7109975, 25.2576528 ], [ 87.7113089, 25.2576528 ], [ 87.7113089, 25.2576528 ], [ 87.7626901, 25.2655863 ], [ 87.818431, 25.2420502 ], [ 87.8464571, 25.2645285 ], [ 87.8470799, 25.2983781 ], [ 87.7928961, 25.3295833 ], [ 87.7841768, 25.3401613 ], [ 87.7894706, 25.3769199 ], [ 87.7648699, 25.3837956 ], [ 87.7648699, 25.3856467 ], [ 87.7667383, 25.416323 ], [ 87.7785716, 25.410505 ], [ 87.7735892, 25.4287521 ], [ 87.7869794, 25.4493792 ], [ 87.8221678, 25.4372145 ], [ 87.8259046, 25.4443547 ], [ 87.8364923, 25.4628662 ], [ 87.8392949, 25.4678908 ], [ 87.8542421, 25.4657751 ], [ 87.8645184, 25.4676263 ], [ 87.865764, 25.4890468 ], [ 87.8660754, 25.4946002 ], [ 87.8660754, 25.4969803 ], [ 87.8853823, 25.5094094 ], [ 87.8841367, 25.5205164 ], [ 87.9028208, 25.5049138 ], [ 87.9155882, 25.5337389 ], [ 87.923996, 25.5347967 ], [ 87.949531, 25.5374412 ], [ 87.9594958, 25.538499 ], [ 87.963544, 25.5363834 ], [ 87.9847193, 25.5255409 ], [ 88.0034034, 25.4975092 ], [ 88.0040262, 25.4972447 ], [ 88.0021578, 25.5120539 ], [ 88.0021578, 25.5136406 ], [ 88.0018464, 25.514434 ], [ 88.0121226, 25.5141695 ], [ 88.012434, 25.5141695 ], [ 88.0304953, 25.4906335 ], [ 88.0656837, 25.4893112 ], [ 88.0678635, 25.4840222 ], [ 88.0731573, 25.4837578 ], [ 88.0744029, 25.4908979 ], [ 88.0719117, 25.5075583 ], [ 88.0694205, 25.5260698 ], [ 88.059767, 25.5263343 ], [ 88.0650609, 25.5318877 ], [ 88.0522934, 25.549077 ], [ 88.0314295, 25.5541015 ], [ 88.0401488, 25.5736709 ], [ 88.0208419, 25.5704975 ], [ 88.0351663, 25.5810755 ], [ 88.0245787, 25.5826622 ], [ 88.0214647, 25.5961491 ], [ 88.0435742, 25.6104294 ], [ 88.0345435, 25.6305277 ], [ 88.055096, 25.644808 ], [ 88.0361005, 25.6487747 ], [ 88.050425, 25.6543282 ], [ 88.0507364, 25.6559149 ], [ 88.0498022, 25.7011359 ], [ 88.0491794, 25.7021937 ], [ 88.0211533, 25.6963758 ], [ 88.0214647, 25.7103916 ], [ 87.9987324, 25.7230852 ], [ 87.9679036, 25.7259942 ], [ 87.9420573, 25.7743886 ], [ 87.9043778, 25.7725374 ], [ 87.9102944, 25.8037426 ], [ 87.9000181, 25.8071804 ], [ 87.917768, 25.8161717 ], [ 87.9003295, 25.8233119 ], [ 87.9056234, 25.8307165 ], [ 87.8891191, 25.8296587 ], [ 87.9034436, 25.8330966 ], [ 87.8987725, 25.8381211 ], [ 87.9155882, 25.8534592 ], [ 87.8922331, 25.8658884 ], [ 87.8828911, 25.8592771 ], [ 87.8747946, 25.8682684 ], [ 87.8302642, 25.8714418 ], [ 87.8296414, 25.8717063 ], [ 87.82933, 25.873293 ], [ 87.8274616, 25.8912756 ], [ 87.8072205, 25.8762019 ], [ 87.8212336, 25.8603349 ], [ 87.8174968, 25.8457902 ], [ 87.7966329, 25.8442035 ], [ 87.8174968, 25.8312454 ], [ 87.8305756, 25.7868178 ], [ 87.8302642, 25.7868178 ], [ 87.8087775, 25.7791487 ], [ 87.8065977, 25.7603727 ], [ 87.8050407, 25.7603727 ], [ 87.7860452, 25.7627528 ], [ 87.7869794, 25.7476791 ], [ 87.7872908, 25.7437124 ], [ 87.7739006, 25.7558771 ], [ 87.7521025, 25.7508525 ], [ 87.7390236, 25.7659262 ], [ 87.7103747, 25.7653973 ], [ 87.6963616, 25.7529681 ], [ 87.7035239, 25.7495303 ], [ 87.6851512, 25.7468858 ], [ 87.684217, 25.7016648 ], [ 87.6730065, 25.7043093 ], [ 87.6670899, 25.6889712 ], [ 87.6496514, 25.6826244 ], [ 87.6381296, 25.6945246 ], [ 87.6163315, 25.6823599 ], [ 87.5571652, 25.6895001 ], [ 87.5521828, 25.6813021 ], [ 87.5777177, 25.6696663 ], [ 87.5711783, 25.6593527 ], [ 87.5394153, 25.6707241 ], [ 87.5400381, 25.6868556 ], [ 87.5257137, 25.6736331 ], [ 87.5054726, 25.6813021 ], [ 87.5045384, 25.6670218 ], [ 87.4849201, 25.6731042 ], [ 87.4814947, 25.6836822 ], [ 87.4148548, 25.6752198 ], [ 87.3650306, 25.6897645 ], [ 87.3376272, 25.6823599 ], [ 87.2772154, 25.7093338 ], [ 87.2669391, 25.7138295 ], [ 87.2529261, 25.711185 ], [ 87.2438954, 25.7021937 ], [ 87.2407814, 25.6961113 ], [ 87.2622681, 25.6527415 ], [ 87.2781496, 25.6474525 ], [ 87.2765926, 25.647188 ], [ 87.2579085, 25.6416346 ], [ 87.2485664, 25.626032 ], [ 87.2681847, 25.5622995 ], [ 87.2233429, 25.5371767 ], [ 87.2202289, 25.5083516 ], [ 87.2080843, 25.506236 ], [ 87.2093299, 25.4829644 ], [ 87.2283254, 25.4792621 ], [ 87.2317508, 25.4623373 ], [ 87.2317508, 25.4620728 ], [ 87.2317508, 25.4620728 ], [ 87.2177377, 25.4559905 ], [ 87.2261455, 25.4536104 ], [ 87.2052817, 25.4245209 ], [ 87.2002992, 25.4205542 ], [ 87.2018562, 25.4194964 ], [ 87.2155579, 25.4102406 ], [ 87.2152465, 25.3919935 ], [ 87.229571, 25.3766554 ], [ 87.2765926, 25.3713664 ], [ 87.2628909, 25.3515326 ], [ 87.2812636, 25.3666063 ], [ 87.2921626, 25.3996626 ], [ 87.365342, 25.4247854 ], [ 87.3672104, 25.4094472 ], [ 87.4089382, 25.3927869 ], [ 87.408004, 25.3808866 ], [ 87.4350959, 25.3814155 ], [ 87.4419467, 25.3636973 ], [ 87.4422581, 25.3634329 ], [ 87.4870999, 25.3692508 ], [ 87.5008016, 25.3515326 ], [ 87.5257137, 25.3486237 ], [ 87.5263365, 25.354706 ], [ 87.5275821, 25.354706 ], [ 87.5285163, 25.3531193 ], [ 87.5366127, 25.338839 ], [ 87.5415951, 25.3306411 ], [ 87.55156, 25.3314344 ] ] ] } },
{ "type": "Feature", "properties": { "dt_code": "223", "district": "Khagaria", "st_code": "10", "year": "2011_c", "st_nm": "Bihar" }, "geometry": { "type": "Polygon", "coordinates": [ [ [ 86.2938098, 25.6376678 ], [ 86.2944326, 25.6379323 ], [ 86.2941212, 25.63661 ], [ 86.2788625, 25.5961491 ], [ 86.2991036, 25.5744642 ], [ 86.2863362, 25.5781665 ], [ 86.2835336, 25.5622995 ], [ 86.2829108, 25.5429946 ], [ 86.2981694, 25.5371767 ], [ 86.2925642, 25.522632 ], [ 86.3184105, 25.5244831 ], [ 86.3258841, 25.5075583 ], [ 86.3302438, 25.5178718 ], [ 86.3364718, 25.4990959 ], [ 86.3293096, 25.4927491 ], [ 86.3395858, 25.4858734 ], [ 86.3426998, 25.4988314 ], [ 86.3663663, 25.5025337 ], [ 86.3458138, 25.4842867 ], [ 86.3529761, 25.4758243 ], [ 86.3697917, 25.4943358 ], [ 86.3760198, 25.4866667 ], [ 86.3666777, 25.4787332 ], [ 86.3866074, 25.4816422 ], [ 86.3993749, 25.5049138 ], [ 86.424287, 25.4998892 ], [ 86.419616, 25.477411 ], [ 86.4370544, 25.4750309 ], [ 86.4607209, 25.442768 ], [ 86.5033829, 25.421612 ], [ 86.5083654, 25.4276943 ], [ 86.509611, 25.4234631 ], [ 86.5083654, 25.4456769 ], [ 86.5264266, 25.4581061 ], [ 86.5404397, 25.4916913 ], [ 86.555387, 25.4927491 ], [ 86.563172, 25.493278 ], [ 86.5700228, 25.4906335 ], [ 86.5983604, 25.426901 ], [ 86.6400881, 25.3898779 ], [ 86.6403995, 25.3861756 ], [ 86.6238953, 25.3531193 ], [ 86.6497416, 25.3274677 ], [ 86.6344829, 25.3044605 ], [ 86.6460048, 25.2758999 ], [ 86.6472504, 25.2735198 ], [ 86.6730967, 25.270082 ], [ 86.7204297, 25.2597684 ], [ 86.7254121, 25.2539505 ], [ 86.7257235, 25.2539505 ], [ 86.7783504, 25.2756354 ], [ 86.7727451, 25.2867423 ], [ 86.7883152, 25.3068405 ], [ 86.784267, 25.3248232 ], [ 86.8144729, 25.3293188 ], [ 86.8568235, 25.3636973 ], [ 86.8194553, 25.4118273 ], [ 86.8244378, 25.4425035 ], [ 86.8225694, 25.4446191 ], [ 86.822258, 25.4432969 ], [ 86.8110475, 25.4562549 ], [ 86.8116703, 25.4565194 ], [ 86.8107361, 25.4575772 ], [ 86.8154071, 25.4652462 ], [ 86.8122931, 25.4681552 ], [ 86.8113589, 25.4694775 ], [ 86.8101133, 25.4705353 ], [ 86.8306658, 25.4811133 ], [ 86.8266176, 25.5014759 ], [ 86.8446789, 25.5289788 ], [ 86.8400078, 25.5525148 ], [ 86.8505955, 25.5779021 ], [ 86.8387622, 25.5831911 ], [ 86.8384508, 25.6175696 ], [ 86.8219466, 25.6175696 ], [ 86.8038853, 25.6374034 ], [ 86.7976572, 25.6352878 ], [ 86.7786618, 25.6239164 ], [ 86.7634031, 25.623652 ], [ 86.7624689, 25.6400479 ], [ 86.744719, 25.6416346 ], [ 86.7247893, 25.6627906 ], [ 86.7085964, 25.6530059 ], [ 86.7107763, 25.6352878 ], [ 86.7023684, 25.6479814 ], [ 86.688044, 25.6437502 ], [ 86.6746537, 25.6199496 ], [ 86.6503644, 25.6405768 ], [ 86.5971148, 25.6218008 ], [ 86.5893297, 25.6099005 ], [ 86.5977376, 25.5990581 ], [ 86.5862157, 25.5905957 ], [ 86.5865271, 25.5916535 ], [ 86.5896411, 25.5980003 ], [ 86.566286, 25.6006448 ], [ 86.5581896, 25.6136028 ], [ 86.5410625, 25.6051404 ], [ 86.4946637, 25.6194207 ], [ 86.4940409, 25.6196852 ], [ 86.4772252, 25.6405768 ], [ 86.4834532, 25.6572371 ], [ 86.4744226, 25.6537993 ], [ 86.4678832, 25.676542 ], [ 86.4526245, 25.6823599 ], [ 86.4635236, 25.7000781 ], [ 86.4485763, 25.690029 ], [ 86.4485763, 25.690029 ], [ 86.4482649, 25.6902934 ], [ 86.436743, 25.6971691 ], [ 86.428958, 25.7085405 ], [ 86.4252212, 25.705896 ], [ 86.4245984, 25.7148873 ], [ 86.4143221, 25.7296965 ], [ 86.4130765, 25.729961 ], [ 86.4133879, 25.7212341 ], [ 86.3912784, 25.718854 ], [ 86.3592041, 25.6995492 ], [ 86.3261955, 25.6567082 ], [ 86.2919414, 25.6543282 ], [ 86.2938098, 25.6376678 ] ] ] } },
{ "type": "Feature", "properties": { "dt_code": "231", "district": "Bhojpur", "st_code": "10", "year": "2011_c", "st_nm": "Bihar" }, "geometry": { "type": "Polygon", "coordinates": [ [ [ 84.3198364, 25.6672862 ], [ 84.2961699, 25.6503614 ], [ 84.3235733, 25.652477 ], [ 84.3487968, 25.6387256 ], [ 84.3301127, 25.5932402 ], [ 84.3263759, 25.5369123 ], [ 84.3285557, 25.5189297 ], [ 84.3441257, 25.5178718 ], [ 84.3397661, 25.4935424 ], [ 84.3531564, 25.4922202 ], [ 84.3515994, 25.474502 ], [ 84.3643668, 25.4718575 ], [ 84.3531564, 25.4525526 ], [ 84.3403889, 25.4499081 ], [ 84.351288, 25.4432969 ], [ 84.348174, 25.4327189 ], [ 84.321082, 25.4343056 ], [ 84.3058234, 25.4221409 ], [ 84.3058234, 25.4218764 ], [ 84.3073804, 25.3864401 ], [ 84.2896305, 25.389349 ], [ 84.2837139, 25.3650196 ], [ 84.2731262, 25.359995 ], [ 84.2746832, 25.3589372 ], [ 84.2759288, 25.3589372 ], [ 84.2762402, 25.3592017 ], [ 84.2762402, 25.3578794 ], [ 84.2796657, 25.3298477 ], [ 84.3217048, 25.3213853 ], [ 84.3363407, 25.2959981 ], [ 84.3226391, 25.2885935 ], [ 84.3347837, 25.2827756 ], [ 84.3226391, 25.2703464 ], [ 84.3332267, 25.2349101 ], [ 84.3204592, 25.2132252 ], [ 84.3572046, 25.2000026 ], [ 84.3568932, 25.1912758 ], [ 84.3821167, 25.1957714 ], [ 84.4039148, 25.1846645 ], [ 84.4076516, 25.1949781 ], [ 84.4633925, 25.1611285 ], [ 84.4742915, 25.1698553 ], [ 84.5172649, 25.2044983 ], [ 84.5222473, 25.2076717 ], [ 84.6287466, 25.2375546 ], [ 84.6720314, 25.296527 ], [ 84.6745226, 25.2983781 ], [ 84.7050399, 25.3100139 ], [ 84.7075312, 25.3084272 ], [ 84.7019259, 25.3150385 ], [ 84.726838, 25.3340789 ], [ 84.7788421, 25.448057 ], [ 84.7545528, 25.5014759 ], [ 84.7551756, 25.5027982 ], [ 84.7719912, 25.5403501 ], [ 84.8196357, 25.5813399 ], [ 84.8183901, 25.6091072 ], [ 84.8311575, 25.6228586 ], [ 84.8215041, 25.6220653 ], [ 84.8239953, 25.6381967 ], [ 84.8420566, 25.657766 ], [ 84.8249295, 25.671253 ], [ 84.8230611, 25.6728397 ], [ 84.847039, 25.6791865 ], [ 84.8489074, 25.6992847 ], [ 84.845482, 25.6995492 ], [ 84.8395653, 25.6937313 ], [ 84.8087366, 25.7011359 ], [ 84.8215041, 25.6921446 ], [ 84.8078024, 25.68712 ], [ 84.7477019, 25.7122428 ], [ 84.6327948, 25.7080116 ], [ 84.6225186, 25.7156806 ], [ 84.6287466, 25.721763 ], [ 84.5994749, 25.7296965 ], [ 84.5997863, 25.7320766 ], [ 84.5602383, 25.7368367 ], [ 84.5574357, 25.679451 ], [ 84.5353262, 25.6905579 ], [ 84.5396858, 25.7267876 ], [ 84.5290982, 25.6826244 ], [ 84.4992036, 25.6749553 ], [ 84.493287, 25.6905579 ], [ 84.4705547, 25.68712 ], [ 84.4534276, 25.7140939 ], [ 84.4297611, 25.711185 ], [ 84.4269585, 25.6932024 ], [ 84.4067174, 25.6979625 ], [ 84.3998666, 25.7289032 ], [ 84.3842965, 25.7320766 ], [ 84.390836, 25.7445057 ], [ 84.3902132, 25.7447702 ], [ 84.3783799, 25.7439768 ], [ 84.3737089, 25.7423901 ], [ 84.3752659, 25.7347211 ], [ 84.3366521, 25.7431835 ], [ 84.3238847, 25.6704596 ], [ 84.3198364, 25.6672862 ] ] ] } },
{ "type": "Feature", "properties": { "dt_code": "232", "district": "Buxar", "st_code": "10", "year": "2011_c", "st_nm": "Bihar" }, "geometry": { "type": "Polygon", "coordinates": [ [ [ 84.3198364, 25.6672862 ], [ 84.3042664, 25.6736331 ], [ 84.2871393, 25.676542 ], [ 84.2980383, 25.6664929 ], [ 84.2999068, 25.6646417 ], [ 84.2958585, 25.6635839 ], [ 84.2840253, 25.6609394 ], [ 84.2765516, 25.6593527 ], [ 84.2226792, 25.6672862 ], [ 84.2077319, 25.6694018 ], [ 84.2058635, 25.6696663 ], [ 84.1990127, 25.7021937 ], [ 84.1547937, 25.7294321 ], [ 84.1504341, 25.7191185 ], [ 84.1298816, 25.7177962 ], [ 84.1417148, 25.7220274 ], [ 84.1398464, 25.7318121 ], [ 84.089088, 25.7133006 ], [ 84.075075, 25.695318 ], [ 84.081303, 25.6363456 ], [ 84.0174657, 25.6149251 ], [ 83.9302733, 25.5575394 ], [ 83.9034928, 25.5252765 ], [ 83.90287, 25.525012 ], [ 83.8760895, 25.5181363 ], [ 83.8779579, 25.4993603 ], [ 83.8567826, 25.4686841 ], [ 83.8328047, 25.4575772 ], [ 83.8163004, 25.4612795 ], [ 83.812875, 25.4483214 ], [ 83.8418353, 25.4469992 ], [ 83.8461949, 25.4353634 ], [ 83.8465063, 25.4343056 ], [ 83.8225284, 25.4319255 ], [ 83.8025987, 25.429281 ], [ 83.814432, 25.4213475 ], [ 83.8138092, 25.4202897 ], [ 83.8131864, 25.4189675 ], [ 83.8078926, 25.4091828 ], [ 83.8007303, 25.4068027 ], [ 83.7910769, 25.397547 ], [ 83.779555, 25.3986048 ], [ 83.7723928, 25.3864401 ], [ 83.7804892, 25.368193 ], [ 83.8100724, 25.3716309 ], [ 83.8215942, 25.3510037 ], [ 83.8219056, 25.3502104 ], [ 83.8872999, 25.307105 ], [ 83.8960192, 25.3012871 ], [ 83.8963306, 25.2944114 ], [ 83.896642, 25.2899157 ], [ 83.9016244, 25.2928247 ], [ 83.9062954, 25.2954692 ], [ 83.9181287, 25.2930891 ], [ 83.9383697, 25.2885935 ], [ 83.9536284, 25.2854201 ], [ 83.9626591, 25.2801311 ], [ 84.0046982, 25.2653219 ], [ 84.0352156, 25.2674375 ], [ 84.0389524, 25.2875357 ], [ 84.0585707, 25.3015515 ], [ 84.0504742, 25.3272032 ], [ 84.0352156, 25.3377812 ], [ 84.0526541, 25.3507393 ], [ 84.0467374, 25.3748043 ], [ 84.0467374, 25.3748043 ], [ 84.1174255, 25.3586728 ], [ 84.1407806, 25.3732176 ], [ 84.212403, 25.3671352 ], [ 84.2198766, 25.3465081 ], [ 84.2313984, 25.3446569 ], [ 84.2351353, 25.3565572 ], [ 84.2746832, 25.3589372 ], [ 84.2731262, 25.359995 ], [ 84.2837139, 25.3650196 ], [ 84.2896305, 25.389349 ], [ 84.3073804, 25.3864401 ], [ 84.3058234, 25.4218764 ], [ 84.3058234, 25.4221409 ], [ 84.321082, 25.4343056 ], [ 84.348174, 25.4327189 ], [ 84.351288, 25.4432969 ], [ 84.3403889, 25.4499081 ], [ 84.3531564, 25.4525526 ], [ 84.3643668, 25.4718575 ], [ 84.3515994, 25.474502 ], [ 84.3531564, 25.4922202 ], [ 84.3397661, 25.4935424 ], [ 84.3441257, 25.5178718 ], [ 84.3285557, 25.5189297 ], [ 84.3263759, 25.5369123 ], [ 84.3301127, 25.5932402 ], [ 84.3487968, 25.6387256 ], [ 84.3235733, 25.652477 ], [ 84.2961699, 25.6503614 ], [ 84.3198364, 25.6672862 ] ] ] } },
{ "type": "Feature", "properties": { "dt_code": "215", "district": "Darbhanga", "st_code": "10", "year": "2011_c", "st_nm": "Bihar" }, "geometry": { "type": "Polygon", "coordinates": [ [ [ 85.7046384, 26.3030247 ], [ 85.7158488, 26.2924467 ], [ 85.7164716, 26.2779019 ], [ 85.716783, 26.2747285 ], [ 85.7170944, 26.2718195 ], [ 85.6984104, 26.2588615 ], [ 85.6959191, 26.2564814 ], [ 85.7009016, 26.2543658 ], [ 85.7164716, 26.2477546 ], [ 85.7170944, 26.2474901 ], [ 85.696542, 26.2260696 ], [ 85.7251909, 26.2012113 ], [ 85.7211427, 26.1641883 ], [ 85.7644275, 26.1425034 ], [ 85.753217, 26.1292808 ], [ 85.7279935, 26.125843 ], [ 85.7342215, 26.1075959 ], [ 85.7155374, 26.107067 ], [ 85.715226, 26.1049514 ], [ 85.7114892, 26.0882911 ], [ 85.7149146, 26.0885555 ], [ 85.7195857, 26.0681928 ], [ 85.7198971, 26.0676639 ], [ 85.7298619, 26.0705729 ], [ 85.7205199, 26.0478302 ], [ 85.7233225, 26.0449212 ], [ 85.7314189, 26.0388389 ], [ 85.7420066, 26.0496813 ], [ 85.7585108, 26.0396322 ], [ 85.7659845, 26.0570859 ], [ 85.7815545, 26.0398967 ], [ 85.8379182, 26.0316987 ], [ 85.8519312, 26.0404256 ], [ 85.8503742, 26.0274675 ], [ 85.8678127, 26.0279964 ], [ 85.8759091, 26.0145094 ], [ 85.8740407, 25.9957335 ], [ 85.888988, 25.995469 ], [ 85.9076721, 25.9764286 ], [ 85.9182597, 25.9833043 ], [ 85.930093, 25.9581815 ], [ 85.9416148, 25.9671728 ], [ 85.9459745, 25.9534214 ], [ 85.9540709, 25.9610905 ], [ 85.9873908, 25.9526281 ], [ 85.9998469, 25.9304143 ], [ 86.0060749, 25.9415212 ], [ 86.0375265, 25.944959 ], [ 86.0459343, 25.9391411 ], [ 86.0381493, 25.9306787 ], [ 86.0562105, 25.9327943 ], [ 86.0527851, 25.9253897 ], [ 86.0929559, 25.897358 ], [ 86.1001181, 25.9126961 ], [ 86.1001181, 25.913225 ], [ 86.108526, 25.8941846 ], [ 86.1536792, 25.8970935 ], [ 86.1602186, 25.8812265 ], [ 86.1742317, 25.8952424 ], [ 86.2134682, 25.8878378 ], [ 86.2309067, 25.8957713 ], [ 86.2393146, 25.8809621 ], [ 86.2296611, 25.8613927 ], [ 86.24274, 25.852137 ], [ 86.2284155, 25.8410301 ], [ 86.2231217, 25.8108827 ], [ 86.2368234, 25.7960735 ], [ 86.2165823, 25.7873467 ], [ 86.2249901, 25.7770331 ], [ 86.2558188, 25.7696285 ], [ 86.2614241, 25.7540259 ], [ 86.2857134, 25.764075 ], [ 86.2922528, 25.7667195 ], [ 86.2922528, 25.7667195 ], [ 86.293187, 25.7661906 ], [ 86.3084457, 25.7606372 ], [ 86.3087571, 25.7598438 ], [ 86.3109369, 25.758786 ], [ 86.3190333, 25.7397456 ], [ 86.3224587, 25.7384234 ], [ 86.3660549, 25.7418612 ], [ 86.3673005, 25.7310188 ], [ 86.390967, 25.7191185 ], [ 86.3912784, 25.718854 ], [ 86.4133879, 25.7212341 ], [ 86.4130765, 25.729961 ], [ 86.4071599, 25.7318121 ], [ 86.4052915, 25.7344566 ], [ 86.4133879, 25.7627528 ], [ 86.4034231, 25.7735952 ], [ 86.4115195, 25.7897267 ], [ 86.4136993, 25.7936935 ], [ 86.4084055, 25.7966024 ], [ 86.4018661, 25.8108827 ], [ 86.378511, 25.8135272 ], [ 86.3844276, 25.8275431 ], [ 86.3685461, 25.83627 ], [ 86.3725944, 25.8473769 ], [ 86.3626295, 25.8553104 ], [ 86.3626295, 25.8555748 ], [ 86.3458138, 25.8561037 ], [ 86.3352262, 25.8566326 ], [ 86.3224587, 25.8568971 ], [ 86.3168535, 25.8605994 ], [ 86.3268184, 25.8759375 ], [ 86.3318008, 25.8833421 ], [ 86.343634, 25.9013247 ], [ 86.3663663, 25.9354388 ], [ 86.3803794, 25.9243319 ], [ 86.4018661, 25.9272408 ], [ 86.4046687, 25.9275053 ], [ 86.3856732, 25.9470746 ], [ 86.3828706, 25.9505125 ], [ 86.3875416, 25.9639994 ], [ 86.380068, 25.9613549 ], [ 86.3947039, 25.9764286 ], [ 86.3890986, 25.9915023 ], [ 86.3971951, 25.9912378 ], [ 86.3806908, 26.0105427 ], [ 86.3869188, 26.0287897 ], [ 86.3884758, 26.0335499 ], [ 86.3884758, 26.0338143 ], [ 86.387853, 26.0338143 ], [ 86.3585813, 26.0771841 ], [ 86.3305552, 26.0917289 ], [ 86.3233929, 26.1231985 ], [ 86.334292, 26.146999 ], [ 86.3302438, 26.1541392 ], [ 86.3293096, 26.1554614 ], [ 86.3152965, 26.1620727 ], [ 86.2919414, 26.1729151 ], [ 86.2797967, 26.1784686 ], [ 86.2692091, 26.1834931 ], [ 86.2449198, 26.195129 ], [ 86.2511478, 26.2213095 ], [ 86.2464768, 26.2236896 ], [ 86.2025692, 26.2207806 ], [ 86.1944728, 26.2202517 ], [ 86.19385, 26.2202517 ], [ 86.1932272, 26.2205162 ], [ 86.149631, 26.2353254 ], [ 86.1231618, 26.2184006 ], [ 86.1097716, 26.19222 ], [ 86.0748946, 26.213376 ], [ 86.0664868, 26.2070292 ], [ 86.0562105, 26.1993602 ], [ 86.0471799, 26.1924845 ], [ 86.0446887, 26.1906333 ], [ 86.0337897, 26.1935423 ], [ 86.0284958, 26.1948645 ], [ 86.0269388, 26.1953934 ], [ 86.0288072, 26.1993602 ], [ 86.0431317, 26.2329453 ], [ 86.0440659, 26.2350609 ], [ 86.0141714, 26.2466968 ], [ 86.0144828, 26.2593904 ], [ 86.0014039, 26.2636216 ], [ 85.9989127, 26.2866287 ], [ 86.0129258, 26.3024958 ], [ 85.9914391, 26.3215362 ], [ 85.978983, 26.3231229 ], [ 85.9618559, 26.3056692 ], [ 85.9195053, 26.309107 ], [ 85.9195053, 26.2839842 ], [ 85.8899222, 26.2760507 ], [ 85.8824486, 26.2741996 ], [ 85.840098, 26.2794886 ], [ 85.8366726, 26.2818686 ], [ 85.8304445, 26.2853065 ], [ 85.8161201, 26.2940334 ], [ 85.8176771, 26.3027602 ], [ 85.8226595, 26.3294697 ], [ 85.8348042, 26.3273541 ], [ 85.8366726, 26.3352876 ], [ 85.836984, 26.3395188 ], [ 85.8211025, 26.3445434 ], [ 85.8220367, 26.3456012 ], [ 85.8341814, 26.3588237 ], [ 85.83387, 26.3588237 ], [ 85.8192341, 26.3728395 ], [ 85.8394752, 26.3815664 ], [ 85.8391638, 26.3818308 ], [ 85.8257735, 26.3863265 ], [ 85.8232823, 26.3871198 ], [ 85.8217253, 26.3873843 ], [ 85.8204797, 26.4088048 ], [ 85.7597564, 26.3998135 ], [ 85.7690985, 26.4363076 ], [ 85.7666073, 26.4360431 ], [ 85.742318, 26.4328697 ], [ 85.7223883, 26.4463567 ], [ 85.7139804, 26.4452989 ], [ 85.7111778, 26.44477 ], [ 85.705884, 26.4442411 ], [ 85.7061954, 26.4222917 ], [ 85.705884, 26.4212339 ], [ 85.6884455, 26.4138293 ], [ 85.6884455, 26.4135649 ], [ 85.6884455, 26.4135649 ], [ 85.6875113, 26.4027224 ], [ 85.6968534, 26.3902932 ], [ 85.6909367, 26.3757485 ], [ 85.7146032, 26.3577659 ], [ 85.7071296, 26.3564436 ], [ 85.6766123, 26.3511546 ], [ 85.6775465, 26.3508902 ], [ 85.7009016, 26.3366098 ], [ 85.701213, 26.3514191 ], [ 85.704327, 26.3506257 ], [ 85.7286163, 26.3421633 ], [ 85.7273707, 26.3093715 ], [ 85.7130462, 26.3128093 ], [ 85.707441, 26.3061981 ], [ 85.7046384, 26.3030247 ] ] ] } },
{ "type": "Feature", "properties": { "dt_code": "214", "district": "Saharsa", "st_code": "10", "year": "2011_c", "st_nm": "Bihar" }, "geometry": { "type": "Polygon", "coordinates": [ [ [ 86.7976572, 25.6352878 ], [ 86.8066879, 25.6405768 ], [ 86.8001485, 25.6567082 ], [ 86.8449903, 25.6802443 ], [ 86.8590033, 25.6744264 ], [ 86.8558893, 25.695318 ], [ 86.8717708, 25.7222919 ], [ 86.8434332, 25.7341922 ], [ 86.8431218, 25.7426546 ], [ 86.8562007, 25.7450346 ], [ 86.8477929, 25.7550837 ], [ 86.8630515, 25.7878756 ], [ 86.8558893, 25.8127339 ], [ 86.874262, 25.8159073 ], [ 86.8580691, 25.8296587 ], [ 86.8434332, 25.8709129 ], [ 86.8085563, 25.8724996 ], [ 86.7939204, 25.8603349 ], [ 86.7528154, 25.8555748 ], [ 86.7126447, 25.8656239 ], [ 86.7076622, 25.9034403 ], [ 86.6936492, 25.9047626 ], [ 86.6867984, 25.9206296 ], [ 86.6924036, 25.9330588 ], [ 86.6917808, 25.9333232 ], [ 86.6488074, 25.9211585 ], [ 86.6201585, 25.9446946 ], [ 86.6198471, 25.9452235 ], [ 86.6357285, 25.9687595 ], [ 86.6161102, 25.9769575 ], [ 86.6229611, 25.9989069 ], [ 86.6242067, 26.0026092 ], [ 86.6450706, 26.0182117 ], [ 86.6139304, 26.0163606 ], [ 86.560058, 26.0269386 ], [ 86.5310977, 25.9912378 ], [ 86.4990233, 26.0216496 ], [ 86.5170846, 26.0568215 ], [ 86.4850103, 26.0480946 ], [ 86.4691288, 26.0531192 ], [ 86.4666376, 26.0689862 ], [ 86.4663262, 26.0695151 ], [ 86.4657034, 26.070044 ], [ 86.4376772, 26.0716307 ], [ 86.436743, 26.0718951 ], [ 86.4308264, 26.0536481 ], [ 86.4080941, 26.0351366 ], [ 86.3965723, 26.0343432 ], [ 86.3884758, 26.0338143 ], [ 86.3884758, 26.0335499 ], [ 86.3869188, 26.0287897 ], [ 86.3806908, 26.0105427 ], [ 86.3971951, 25.9912378 ], [ 86.3890986, 25.9915023 ], [ 86.3947039, 25.9764286 ], [ 86.380068, 25.9613549 ], [ 86.3875416, 25.9639994 ], [ 86.3828706, 25.9505125 ], [ 86.3856732, 25.9470746 ], [ 86.4046687, 25.9275053 ], [ 86.4018661, 25.9272408 ], [ 86.3803794, 25.9243319 ], [ 86.3663663, 25.9354388 ], [ 86.343634, 25.9013247 ], [ 86.3318008, 25.8833421 ], [ 86.3268184, 25.8759375 ], [ 86.3168535, 25.8605994 ], [ 86.3224587, 25.8568971 ], [ 86.3352262, 25.8566326 ], [ 86.3458138, 25.8561037 ], [ 86.3626295, 25.8555748 ], [ 86.3626295, 25.8553104 ], [ 86.3725944, 25.8473769 ], [ 86.3685461, 25.83627 ], [ 86.3844276, 25.8275431 ], [ 86.378511, 25.8135272 ], [ 86.4018661, 25.8108827 ], [ 86.4084055, 25.7966024 ], [ 86.4136993, 25.7936935 ], [ 86.4115195, 25.7897267 ], [ 86.4034231, 25.7735952 ], [ 86.4133879, 25.7627528 ], [ 86.4052915, 25.7344566 ], [ 86.4071599, 25.7318121 ], [ 86.4130765, 25.729961 ], [ 86.4143221, 25.7296965 ], [ 86.4245984, 25.7148873 ], [ 86.4252212, 25.705896 ], [ 86.428958, 25.7085405 ], [ 86.436743, 25.6971691 ], [ 86.4482649, 25.6902934 ], [ 86.4485763, 25.690029 ], [ 86.4485763, 25.690029 ], [ 86.4635236, 25.7000781 ], [ 86.4526245, 25.6823599 ], [ 86.4678832, 25.676542 ], [ 86.4744226, 25.6537993 ], [ 86.4834532, 25.6572371 ], [ 86.4772252, 25.6405768 ], [ 86.4940409, 25.6196852 ], [ 86.4946637, 25.6194207 ], [ 86.5410625, 25.6051404 ], [ 86.5581896, 25.6136028 ], [ 86.566286, 25.6006448 ], [ 86.5896411, 25.5980003 ], [ 86.5865271, 25.5916535 ], [ 86.5862157, 25.5905957 ], [ 86.5977376, 25.5990581 ], [ 86.5893297, 25.6099005 ], [ 86.5971148, 25.6218008 ], [ 86.6503644, 25.6405768 ], [ 86.6746537, 25.6199496 ], [ 86.688044, 25.6437502 ], [ 86.7023684, 25.6479814 ], [ 86.7107763, 25.6352878 ], [ 86.7085964, 25.6530059 ], [ 86.7247893, 25.6627906 ], [ 86.744719, 25.6416346 ], [ 86.7624689, 25.6400479 ], [ 86.7634031, 25.623652 ], [ 86.7786618, 25.6239164 ], [ 86.7976572, 25.6352878 ] ] ] } },
{ "type": "Feature", "properties": { "dt_code": "233", "district": "Kaimur", "st_code": "10", "year": "2011_c", "st_nm": "Bihar" }, "geometry": { "type": "Polygon", "coordinates": [ [ [ 83.779555, 25.3986048 ], [ 83.7695902, 25.3882912 ], [ 83.7689674, 25.3864401 ], [ 83.7680332, 25.3867045 ], [ 83.7630508, 25.3888201 ], [ 83.7549543, 25.392258 ], [ 83.7555771, 25.3927869 ], [ 83.7661648, 25.4009848 ], [ 83.7449895, 25.4004559 ], [ 83.7409413, 25.4102406 ], [ 83.7101125, 25.3861756 ], [ 83.7010819, 25.394638 ], [ 83.6967223, 25.3824733 ], [ 83.6830206, 25.378771 ], [ 83.6839548, 25.3771843 ], [ 83.6936083, 25.3697797 ], [ 83.6898714, 25.3684575 ], [ 83.6876916, 25.3676641 ], [ 83.6767926, 25.3644907 ], [ 83.670876, 25.368193 ], [ 83.6652707, 25.368193 ], [ 83.6671391, 25.3626395 ], [ 83.6562401, 25.368193 ], [ 83.6490779, 25.3396324 ], [ 83.6487665, 25.3396324 ], [ 83.6487665, 25.3393679 ], [ 83.6338192, 25.3433347 ], [ 83.6285254, 25.3285255 ], [ 83.596451, 25.3277321 ], [ 83.5737187, 25.307105 ], [ 83.5724731, 25.3060472 ], [ 83.5721617, 25.3147741 ], [ 83.5400874, 25.3158319 ], [ 83.5372848, 25.3097495 ], [ 83.5531662, 25.3086917 ], [ 83.5369734, 25.298907 ], [ 83.5341708, 25.2975848 ], [ 83.5235831, 25.3026093 ], [ 83.5270085, 25.2930891 ], [ 83.5055218, 25.2811889 ], [ 83.5024078, 25.2875357 ], [ 83.4915088, 25.2798666 ], [ 83.4902632, 25.2893868 ], [ 83.4669081, 25.2528927 ], [ 83.4500924, 25.2610906 ], [ 83.4388819, 25.2579172 ], [ 83.4363907, 25.2441658 ], [ 83.4279829, 25.2534216 ], [ 83.4276715, 25.2534216 ], [ 83.4270487, 25.2531571 ], [ 83.4155268, 25.2499837 ], [ 83.4145926, 25.2468103 ], [ 83.4021366, 25.2089939 ], [ 83.3977769, 25.2163986 ], [ 83.3931059, 25.2044983 ], [ 83.3862551, 25.2121674 ], [ 83.3818955, 25.2018538 ], [ 83.3572948, 25.1997382 ], [ 83.3501325, 25.1854579 ], [ 83.3498211, 25.184929 ], [ 83.3501325, 25.1838712 ], [ 83.3585404, 25.1547816 ], [ 83.3672596, 25.1251632 ], [ 83.3632114, 25.1111474 ], [ 83.3501325, 25.113263 ], [ 83.3361195, 25.0614307 ], [ 83.3432817, 25.0508527 ], [ 83.3242862, 25.0373657 ], [ 83.320238, 25.0172675 ], [ 83.3504439, 25.0088051 ], [ 83.3432817, 24.9633197 ], [ 83.3616544, 24.9537994 ], [ 83.3638342, 24.913603 ], [ 83.3548036, 24.9054051 ], [ 83.3694394, 24.8800178 ], [ 83.3576062, 24.8704976 ], [ 83.3949743, 24.8342679 ], [ 83.3965313, 24.8292434 ], [ 83.3943515, 24.7959226 ], [ 83.3934173, 24.7821712 ], [ 83.3949743, 24.7816423 ], [ 83.3971541, 24.7819068 ], [ 83.4279829, 24.7681554 ], [ 83.4581888, 24.7316612 ], [ 83.489329, 24.7364213 ], [ 83.4849693, 24.7015139 ], [ 83.498671, 24.7033651 ], [ 83.5170437, 24.6814157 ], [ 83.5204691, 24.6774489 ], [ 83.5005394, 24.6512684 ], [ 83.5298111, 24.6430704 ], [ 83.5248287, 24.6277323 ], [ 83.547561, 24.6229722 ], [ 83.5478724, 24.6229722 ], [ 83.5363506, 24.613452 ], [ 83.5235831, 24.602874 ], [ 83.5301225, 24.5674376 ], [ 83.5248287, 24.5544796 ], [ 83.5232717, 24.5502484 ], [ 83.5232717, 24.5502484 ], [ 83.5254515, 24.5428437 ], [ 83.634442, 24.5417859 ], [ 83.6602883, 24.5589752 ], [ 83.6743014, 24.5415215 ], [ 83.6973451, 24.5409926 ], [ 83.7412527, 24.5695532 ], [ 83.7384501, 24.594676 ], [ 83.7518403, 24.6266745 ], [ 83.7334676, 24.6473016 ], [ 83.7303536, 24.6713666 ], [ 83.7605596, 24.7057451 ], [ 83.765542, 24.730339 ], [ 83.7808006, 24.7350991 ], [ 83.7758182, 24.7581063 ], [ 83.7851603, 24.7599574 ], [ 83.7767524, 24.7935426 ], [ 83.729108, 24.807294 ], [ 83.7157178, 24.8361191 ], [ 83.7565113, 24.8657375 ], [ 83.7636736, 24.9133386 ], [ 83.80509, 24.9516838 ], [ 83.8010417, 24.9590885 ], [ 83.8110066, 24.9593529 ], [ 83.8088268, 24.97998 ], [ 83.8393441, 25.001136 ], [ 83.8262652, 25.0133008 ], [ 83.8362301, 25.038688 ], [ 83.8047786, 25.1122052 ], [ 83.8197258, 25.1457903 ], [ 83.8141206, 25.1524016 ], [ 83.8247082, 25.1611285 ], [ 83.8212828, 25.1748799 ], [ 83.8075812, 25.1775244 ], [ 83.814432, 25.2015893 ], [ 83.8069584, 25.2153408 ], [ 83.8243968, 25.2182497 ], [ 83.8362301, 25.2436369 ], [ 83.8829403, 25.2515704 ], [ 83.8838745, 25.2645285 ], [ 83.8978876, 25.2637352 ], [ 83.8947736, 25.2891224 ], [ 83.896642, 25.2899157 ], [ 83.8963306, 25.2944114 ], [ 83.8960192, 25.3012871 ], [ 83.8872999, 25.307105 ], [ 83.8219056, 25.3502104 ], [ 83.8215942, 25.3510037 ], [ 83.8100724, 25.3716309 ], [ 83.7804892, 25.368193 ], [ 83.7723928, 25.3864401 ], [ 83.779555, 25.3986048 ] ] ] } },
{ "type": "Feature", "properties": { "dt_code": "234", "district": "Rohtas", "st_code": "10", "year": "2011_c", "st_nm": "Bihar" }, "geometry": { "type": "Polygon", "coordinates": [ [ [ 84.2746832, 25.3589372 ], [ 84.2351353, 25.3565572 ], [ 84.2313984, 25.3446569 ], [ 84.2198766, 25.3465081 ], [ 84.212403, 25.3671352 ], [ 84.1407806, 25.3732176 ], [ 84.1174255, 25.3586728 ], [ 84.0467374, 25.3748043 ], [ 84.0467374, 25.3748043 ], [ 84.0526541, 25.3507393 ], [ 84.0352156, 25.3377812 ], [ 84.0504742, 25.3272032 ], [ 84.0585707, 25.3015515 ], [ 84.0389524, 25.2875357 ], [ 84.0352156, 25.2674375 ], [ 84.0046982, 25.2653219 ], [ 83.9626591, 25.2801311 ], [ 83.9536284, 25.2854201 ], [ 83.9383697, 25.2885935 ], [ 83.9181287, 25.2930891 ], [ 83.9062954, 25.2954692 ], [ 83.9016244, 25.2928247 ], [ 83.896642, 25.2899157 ], [ 83.8947736, 25.2891224 ], [ 83.8978876, 25.2637352 ], [ 83.8838745, 25.2645285 ], [ 83.8829403, 25.2515704 ], [ 83.8362301, 25.2436369 ], [ 83.8243968, 25.2182497 ], [ 83.8069584, 25.2153408 ], [ 83.814432, 25.2015893 ], [ 83.8075812, 25.1775244 ], [ 83.8212828, 25.1748799 ], [ 83.8247082, 25.1611285 ], [ 83.8141206, 25.1524016 ], [ 83.8197258, 25.1457903 ], [ 83.8047786, 25.1122052 ], [ 83.8362301, 25.038688 ], [ 83.8262652, 25.0133008 ], [ 83.8393441, 25.001136 ], [ 83.8088268, 24.97998 ], [ 83.8110066, 24.9593529 ], [ 83.8010417, 24.9590885 ], [ 83.80509, 24.9516838 ], [ 83.7636736, 24.9133386 ], [ 83.7565113, 24.8657375 ], [ 83.7157178, 24.8361191 ], [ 83.729108, 24.807294 ], [ 83.7767524, 24.7935426 ], [ 83.7851603, 24.7599574 ], [ 83.7758182, 24.7581063 ], [ 83.7808006, 24.7350991 ], [ 83.765542, 24.730339 ], [ 83.7605596, 24.7057451 ], [ 83.7303536, 24.6713666 ], [ 83.7334676, 24.6473016 ], [ 83.7518403, 24.6266745 ], [ 83.7384501, 24.594676 ], [ 83.7412527, 24.5695532 ], [ 83.6973451, 24.5409926 ], [ 83.6743014, 24.5415215 ], [ 83.6602883, 24.5589752 ], [ 83.634442, 24.5417859 ], [ 83.5254515, 24.5428437 ], [ 83.5232717, 24.5502484 ], [ 83.5232717, 24.5502484 ], [ 83.5223375, 24.5476039 ], [ 83.497114, 24.5391414 ], [ 83.503342, 24.52539 ], [ 83.5042762, 24.52539 ], [ 83.5058332, 24.5256545 ], [ 83.5958282, 24.5126964 ], [ 83.6876916, 24.5137542 ], [ 83.7185204, 24.5034407 ], [ 83.7994847, 24.5296212 ], [ 83.8004189, 24.5296212 ], [ 83.8038443, 24.5301501 ], [ 83.8626992, 24.5370258 ], [ 83.8720413, 24.5322657 ], [ 83.8726641, 24.5320013 ], [ 83.8726641, 24.5322657 ], [ 83.9361899, 24.549455 ], [ 83.9393039, 24.5526284 ], [ 83.997536, 24.6285256 ], [ 84.0081237, 24.6425415 ], [ 84.0078123, 24.6428059 ], [ 84.0134175, 24.6547062 ], [ 84.0738293, 24.7541395 ], [ 84.084417, 24.7694776 ], [ 84.1874909, 24.8691754 ], [ 84.3052006, 25.0101274 ], [ 84.3469284, 25.0352501 ], [ 84.4194849, 25.0783555 ], [ 84.4232217, 25.0807356 ], [ 84.4468882, 25.1280722 ], [ 84.4518706, 25.1375924 ], [ 84.4633925, 25.1611285 ], [ 84.4076516, 25.1949781 ], [ 84.4039148, 25.1846645 ], [ 84.3821167, 25.1957714 ], [ 84.3568932, 25.1912758 ], [ 84.3572046, 25.2000026 ], [ 84.3204592, 25.2132252 ], [ 84.3332267, 25.2349101 ], [ 84.3226391, 25.2703464 ], [ 84.3347837, 25.2827756 ], [ 84.3226391, 25.2885935 ], [ 84.3363407, 25.2959981 ], [ 84.3217048, 25.3213853 ], [ 84.2796657, 25.3298477 ], [ 84.2762402, 25.3578794 ], [ 84.2762402, 25.3592017 ], [ 84.2759288, 25.3589372 ], [ 84.2746832, 25.3589372 ] ] ] } },
{ "type": "Feature", "properties": { "dt_code": "238", "district": "Jamui", "st_code": "10", "year": "2011_c", "st_nm": "Bihar" }, "geometry": { "type": "Polygon", "coordinates": [ [ [ 86.5043171, 24.9831534 ], [ 86.5064969, 24.9850046 ], [ 86.4576069, 24.998756 ], [ 86.4516903, 25.0095985 ], [ 86.4386114, 24.998756 ], [ 86.4383, 25.0455637 ], [ 86.3841162, 25.0571995 ], [ 86.3931468, 25.0868179 ], [ 86.4136993, 25.0979248 ], [ 86.4199274, 25.1381213 ], [ 86.3707259, 25.1439392 ], [ 86.3205903, 25.1108829 ], [ 86.3124939, 25.0778266 ], [ 86.286959, 25.0804711 ], [ 86.24274, 25.0556128 ], [ 86.2530162, 25.0119785 ], [ 86.2337093, 24.993467 ], [ 86.2119112, 24.9953181 ], [ 86.2103542, 25.0177964 ], [ 86.1446485, 25.0500593 ], [ 86.1381091, 25.0066895 ], [ 86.1181794, 24.9902936 ], [ 86.1184908, 24.9741621 ], [ 86.0976269, 24.97998 ], [ 86.0910875, 24.9955826 ], [ 86.0755174, 24.9813023 ], [ 86.061193, 24.990558 ], [ 86.0618158, 24.9786578 ], [ 86.0499825, 24.9741621 ], [ 86.0079433, 24.9823601 ], [ 86.0066977, 24.9976982 ], [ 85.9808514, 24.9908225 ], [ 85.9802286, 24.9913514 ], [ 85.974312, 24.9969048 ], [ 85.972755, 24.9984915 ], [ 85.9431718, 24.990558 ], [ 85.9481543, 25.006954 ], [ 85.9210623, 25.0151519 ], [ 85.9098519, 25.0008716 ], [ 85.893659, 25.0085407 ], [ 85.843212, 24.9900291 ], [ 85.8341814, 24.9868557 ], [ 85.8341814, 24.9868557 ], [ 85.835427, 24.9850046 ], [ 85.8584707, 24.9511549 ], [ 85.8584707, 24.9500971 ], [ 85.852554, 24.945337 ], [ 85.8260849, 24.9519483 ], [ 85.8217253, 24.92709 ], [ 85.8229709, 24.9268255 ], [ 85.8351156, 24.9255033 ], [ 85.8628303, 24.9220654 ], [ 85.8628303, 24.9392547 ], [ 85.8799574, 24.9350235 ], [ 85.8734179, 24.9128097 ], [ 85.8852512, 24.9043473 ], [ 85.8924134, 24.8739355 ], [ 85.9518911, 24.8609774 ], [ 85.9534481, 24.8763155 ], [ 85.974312, 24.8681176 ], [ 86.0098117, 24.8086163 ], [ 86.0546535, 24.7800556 ], [ 86.0549649, 24.7795267 ], [ 86.0549649, 24.7795267 ], [ 86.0552763, 24.7797912 ], [ 86.056522, 24.7607508 ], [ 86.0369037, 24.7406525 ], [ 86.0664868, 24.7517595 ], [ 86.0677324, 24.751495 ], [ 86.070535, 24.7509661 ], [ 86.0942015, 24.7448837 ], [ 86.0988725, 24.7385369 ], [ 86.1284557, 24.6988694 ], [ 86.1312583, 24.6755978 ], [ 86.1153768, 24.6438637 ], [ 86.1325039, 24.6034029 ], [ 86.1835737, 24.5827757 ], [ 86.2137796, 24.5944115 ], [ 86.2150253, 24.6139809 ], [ 86.2592443, 24.5782801 ], [ 86.3227701, 24.5870069 ], [ 86.3006606, 24.5608264 ], [ 86.3078229, 24.5476039 ], [ 86.2972352, 24.5333235 ], [ 86.3090685, 24.5111097 ], [ 86.2760599, 24.4658887 ], [ 86.2987922, 24.4608642 ], [ 86.2941212, 24.451344 ], [ 86.3171649, 24.4415593 ], [ 86.3492393, 24.4465839 ], [ 86.3582699, 24.4291301 ], [ 86.3772654, 24.4307168 ], [ 86.3953267, 24.4153787 ], [ 86.3965723, 24.4129987 ], [ 86.4130765, 24.3802068 ], [ 86.4370544, 24.3757112 ], [ 86.4529359, 24.3725378 ], [ 86.4657034, 24.3802068 ], [ 86.466949, 24.3810002 ], [ 86.466949, 24.3831158 ], [ 86.4678832, 24.4238411 ], [ 86.4678832, 24.4248989 ], [ 86.480962, 24.4280723 ], [ 86.4772252, 24.4344191 ], [ 86.4912383, 24.4280723 ], [ 86.4940409, 24.4479061 ], [ 86.4952865, 24.4561041 ], [ 86.4834532, 24.4677399 ], [ 86.5024487, 24.4931271 ], [ 86.4996461, 24.5097875 ], [ 86.5276722, 24.544166 ], [ 86.552273, 24.5362325 ], [ 86.5591238, 24.5647931 ], [ 86.5806105, 24.5666443 ], [ 86.6080138, 24.6073696 ], [ 86.6083252, 24.6084274 ], [ 86.6111278, 24.6086919 ], [ 86.6114392, 24.6195343 ], [ 86.6186014, 24.6449215 ], [ 86.6126848, 24.6499461 ], [ 86.6129962, 24.6573507 ], [ 86.6189128, 24.6605241 ], [ 86.6133076, 24.6642264 ], [ 86.5581896, 24.7020428 ], [ 86.5482247, 24.7752955 ], [ 86.4955979, 24.7636597 ], [ 86.5024487, 24.7879891 ], [ 86.528295, 24.7919559 ], [ 86.5332775, 24.8424659 ], [ 86.5357687, 24.8501349 ], [ 86.5345231, 24.855424 ], [ 86.5270494, 24.887158 ], [ 86.526738, 24.8887447 ], [ 86.5264266, 24.8890091 ], [ 86.4903041, 24.9085785 ], [ 86.4903041, 24.9091074 ], [ 86.4893699, 24.9120163 ], [ 86.4868787, 24.9210076 ], [ 86.4993347, 24.9223299 ], [ 86.4993347, 24.9225943 ], [ 86.4993347, 24.9225943 ], [ 86.4912383, 24.9717821 ], [ 86.5043171, 24.9831534 ] ] ] } },
{ "type": "Feature", "properties": { "dt_code": "225", "district": "Banka", "st_code": "10", "year": "2011_c", "st_nm": "Bihar" }, "geometry": { "type": "Polygon", "coordinates": [ [ [ 86.6111278, 24.6086919 ], [ 86.610505, 24.5994361 ], [ 86.6242067, 24.599965 ], [ 86.6441364, 24.578809 ], [ 86.6519214, 24.5703466 ], [ 86.6597064, 24.5711399 ], [ 86.7350656, 24.5796023 ], [ 86.7500128, 24.5954694 ], [ 86.7534382, 24.6179476 ], [ 86.7733679, 24.6176832 ], [ 86.8110475, 24.5991717 ], [ 86.8020169, 24.5703466 ], [ 86.8434332, 24.5748422 ], [ 86.840942, 24.562942 ], [ 86.8568235, 24.554744 ], [ 86.8814242, 24.5740489 ], [ 86.9131872, 24.5478683 ], [ 86.9131872, 24.5489261 ], [ 86.9088275, 24.5957338 ], [ 86.9455729, 24.6356658 ], [ 86.9415247, 24.6523262 ], [ 86.9415247, 24.6523262 ], [ 86.9583404, 24.6488883 ], [ 86.9530465, 24.6314346 ], [ 86.97827, 24.6401614 ], [ 86.9963313, 24.6200632 ], [ 87.0199978, 24.6298479 ], [ 87.0231118, 24.615832 ], [ 87.048024, 24.6094852 ], [ 87.0517608, 24.6258811 ], [ 87.0520722, 24.6272034 ], [ 87.0530064, 24.6491528 ], [ 87.0804097, 24.7261078 ], [ 87.0800983, 24.7269011 ], [ 87.0810325, 24.7292812 ], [ 87.0698221, 24.7448837 ], [ 87.0841465, 24.7562551 ], [ 87.0785413, 24.7776756 ], [ 87.0956684, 24.8027984 ], [ 87.0741817, 24.8083518 ], [ 87.0760501, 24.8181365 ], [ 87.0913087, 24.8234255 ], [ 87.10937, 24.8517217 ], [ 87.1430014, 24.8609774 ], [ 87.1439356, 24.8612419 ], [ 87.156703, 24.8810756 ], [ 87.1448698, 24.9191565 ], [ 87.1545232, 24.932379 ], [ 87.1461154, 24.9416347 ], [ 87.1545232, 24.9781289 ], [ 87.145804, 25.0193831 ], [ 87.1763213, 25.0582573 ], [ 87.1766327, 25.0587862 ], [ 87.1423786, 25.0635463 ], [ 87.1221375, 25.0907847 ], [ 87.0514494, 25.1055939 ], [ 87.0411731, 25.094487 ], [ 87.013147, 25.1090318 ], [ 86.8733278, 25.0929003 ], [ 86.8509069, 25.1087673 ], [ 86.825372, 25.1108829 ], [ 86.8135387, 25.0923714 ], [ 86.7979686, 25.1137919 ], [ 86.7870696, 25.1016271 ], [ 86.7397366, 25.1182875 ], [ 86.7347542, 25.1201387 ], [ 86.7300831, 25.1217254 ], [ 86.6976974, 25.1161719 ], [ 86.6920922, 25.1153786 ], [ 86.6892896, 25.1148497 ], [ 86.6930264, 25.1053294 ], [ 86.6668687, 25.0831156 ], [ 86.6506758, 25.0423903 ], [ 86.6525442, 25.0244077 ], [ 86.6702941, 25.0106563 ], [ 86.6503644, 25.0106563 ], [ 86.6509872, 24.9813023 ], [ 86.6273207, 24.9667575 ], [ 86.6226497, 24.9773355 ], [ 86.605834, 24.9752199 ], [ 86.604277, 24.9487749 ], [ 86.5843473, 24.9474526 ], [ 86.5715798, 24.9633197 ], [ 86.5451107, 24.9537994 ], [ 86.5510273, 24.9646419 ], [ 86.5298521, 24.9847401 ], [ 86.5071198, 24.985269 ], [ 86.5043171, 24.9831534 ], [ 86.4912383, 24.9717821 ], [ 86.4993347, 24.9225943 ], [ 86.4993347, 24.9225943 ], [ 86.4993347, 24.9223299 ], [ 86.4868787, 24.9210076 ], [ 86.4893699, 24.9120163 ], [ 86.4903041, 24.9091074 ], [ 86.4903041, 24.9085785 ], [ 86.5264266, 24.8890091 ], [ 86.526738, 24.8887447 ], [ 86.5270494, 24.887158 ], [ 86.5345231, 24.855424 ], [ 86.5357687, 24.8501349 ], [ 86.5332775, 24.8424659 ], [ 86.528295, 24.7919559 ], [ 86.5024487, 24.7879891 ], [ 86.4955979, 24.7636597 ], [ 86.5482247, 24.7752955 ], [ 86.5581896, 24.7020428 ], [ 86.6133076, 24.6642264 ], [ 86.6189128, 24.6605241 ], [ 86.6129962, 24.6573507 ], [ 86.6126848, 24.6499461 ], [ 86.6186014, 24.6449215 ], [ 86.6114392, 24.6195343 ], [ 86.6111278, 24.6086919 ] ] ] } },
{ "type": "Feature", "properties": { "dt_code": "237", "district": "Nawada", "st_code": "10", "year": "2011_c", "st_nm": "Bihar" }, "geometry": { "type": "Polygon", "coordinates": [ [ [ 85.8341814, 24.9868557 ], [ 85.8298217, 24.9937314 ], [ 85.8279533, 24.9961115 ], [ 85.8220367, 24.9955826 ], [ 85.8142517, 24.9947892 ], [ 85.8080236, 24.9942603 ], [ 85.7961904, 24.9770711 ], [ 85.7784405, 24.9926736 ], [ 85.7799975, 25.0064251 ], [ 85.7681643, 25.0080118 ], [ 85.7619362, 24.9992849 ], [ 85.753217, 24.9955826 ], [ 85.7491688, 24.9982271 ], [ 85.7373355, 25.0064251 ], [ 85.7385811, 25.0164742 ], [ 85.7697213, 25.0180609 ], [ 85.7697213, 25.0201765 ], [ 85.7653617, 25.0775622 ], [ 85.7743923, 25.0796778 ], [ 85.7731467, 25.094487 ], [ 85.7507258, 25.1077095 ], [ 85.7407609, 25.0960737 ], [ 85.6940507, 25.0936936 ], [ 85.6809719, 25.1129985 ], [ 85.6809719, 25.1129985 ], [ 85.6342617, 25.096867 ], [ 85.65388, 25.0614307 ], [ 85.6314591, 25.068042 ], [ 85.5981391, 25.0289033 ], [ 85.5476921, 25.0326056 ], [ 85.5395957, 25.0167386 ], [ 85.5629508, 25.0048383 ], [ 85.5573455, 24.985269 ], [ 85.518109, 25.0032516 ], [ 85.5209116, 25.0159453 ], [ 85.4022676, 24.9712532 ], [ 85.3907458, 24.9612041 ], [ 85.390123, 24.9609396 ], [ 85.3882546, 24.9619974 ], [ 85.3773555, 24.9493038 ], [ 85.3742415, 24.9458659 ], [ 85.382338, 24.9344946 ], [ 85.3739301, 24.9233877 ], [ 85.3792239, 24.8982649 ], [ 85.3645881, 24.892447 ], [ 85.3636539, 24.8802823 ], [ 85.3303339, 24.8808112 ], [ 85.338119, 24.8585974 ], [ 85.3206805, 24.8572751 ], [ 85.3200577, 24.8392925 ], [ 85.3044876, 24.8310945 ], [ 85.3010622, 24.7996249 ], [ 85.2914088, 24.7811134 ], [ 85.2764615, 24.7803201 ], [ 85.266808, 24.7446193 ], [ 85.2957684, 24.7467349 ], [ 85.3029306, 24.7247855 ], [ 85.3216147, 24.7298101 ], [ 85.3297111, 24.7123564 ], [ 85.3237945, 24.6652842 ], [ 85.301685, 24.6753333 ], [ 85.2948342, 24.6689865 ], [ 85.3044876, 24.6491528 ], [ 85.3253515, 24.6465083 ], [ 85.3231717, 24.6335502 ], [ 85.3066674, 24.642277 ], [ 85.3035534, 24.6324924 ], [ 85.3156981, 24.5843624 ], [ 85.3300225, 24.5817179 ], [ 85.3206805, 24.5571241 ], [ 85.3524434, 24.5491906 ], [ 85.3708161, 24.5552729 ], [ 85.3739301, 24.5539507 ], [ 85.3751757, 24.5536862 ], [ 85.3801581, 24.554744 ], [ 85.434342, 24.5280345 ], [ 85.4953767, 24.5454883 ], [ 85.5000477, 24.5428437 ], [ 85.5078327, 24.5251256 ], [ 85.5237142, 24.5208944 ], [ 85.5417755, 24.5317368 ], [ 85.5408413, 24.5624131 ], [ 85.5607709, 24.5526284 ], [ 85.57167, 24.5616197 ], [ 85.5660648, 24.5870069 ], [ 85.5807006, 24.6007584 ], [ 85.6152662, 24.5806601 ], [ 85.667893, 24.5790734 ], [ 85.6685158, 24.5798668 ], [ 85.6691386, 24.5806601 ], [ 85.6775465, 24.5909737 ], [ 85.6759895, 24.6163609 ], [ 85.6666474, 24.661053 ], [ 85.6488975, 24.6845891 ], [ 85.6812833, 24.6914648 ], [ 85.7071296, 24.7245211 ], [ 85.707441, 24.7795267 ], [ 85.7223883, 24.786138 ], [ 85.7385811, 24.8191943 ], [ 85.7781291, 24.7964515 ], [ 85.8095807, 24.7940715 ], [ 85.8248393, 24.8083518 ], [ 85.8671899, 24.8046495 ], [ 85.8896108, 24.7927492 ], [ 85.8864968, 24.7840224 ], [ 85.9020669, 24.7657753 ], [ 85.9030011, 24.7665687 ], [ 85.933207, 24.7385369 ], [ 85.940992, 24.7348346 ], [ 85.9702638, 24.7329835 ], [ 85.9802286, 24.7485861 ], [ 86.0549649, 24.7795267 ], [ 86.0549649, 24.7795267 ], [ 86.0546535, 24.7800556 ], [ 86.0098117, 24.8086163 ], [ 85.974312, 24.8681176 ], [ 85.9534481, 24.8763155 ], [ 85.9518911, 24.8609774 ], [ 85.8924134, 24.8739355 ], [ 85.8852512, 24.9043473 ], [ 85.8734179, 24.9128097 ], [ 85.8799574, 24.9350235 ], [ 85.8628303, 24.9392547 ], [ 85.8628303, 24.9220654 ], [ 85.8351156, 24.9255033 ], [ 85.8229709, 24.9268255 ], [ 85.8217253, 24.92709 ], [ 85.8260849, 24.9519483 ], [ 85.852554, 24.945337 ], [ 85.8584707, 24.9500971 ], [ 85.8584707, 24.9511549 ], [ 85.835427, 24.9850046 ], [ 85.8341814, 24.9868557 ], [ 85.8341814, 24.9868557 ] ] ] } },
{ "type": "Feature", "properties": { "dt_code": "236", "district": "Gaya", "st_code": "10", "year": "2011_c", "st_nm": "Bihar" }, "geometry": { "type": "Polygon", "coordinates": [ [ [ 85.3882546, 24.9619974 ], [ 85.388566, 24.9619974 ], [ 85.3720617, 24.9725754 ], [ 85.3829608, 24.9916158 ], [ 85.3561802, 24.9871202 ], [ 85.350575, 25.0204409 ], [ 85.3181893, 25.0077473 ], [ 85.3132069, 25.022821 ], [ 85.2593344, 25.022821 ], [ 85.2587116, 25.0336634 ], [ 85.257466, 25.0331345 ], [ 85.2571546, 25.0328701 ], [ 85.2487468, 25.02811 ], [ 85.2484354, 25.0066895 ], [ 85.2375363, 25.0072184 ], [ 85.2272601, 25.0548194 ], [ 85.2266373, 25.0548194 ], [ 85.2126242, 25.054555 ], [ 85.2120014, 25.0418614 ], [ 85.1917603, 25.0326056 ], [ 85.1917603, 25.035779 ], [ 85.2020366, 25.0593151 ], [ 85.1771244, 25.0508527 ], [ 85.1758788, 25.0508527 ], [ 85.1805499, 25.0653975 ], [ 85.1833525, 25.0730665 ], [ 85.1827297, 25.0728021 ], [ 85.1534579, 25.068042 ], [ 85.1490983, 25.0521749 ], [ 85.1266774, 25.0534972 ], [ 85.0893093, 24.9926736 ], [ 85.0482043, 25.0014005 ], [ 85.0432219, 25.03049 ], [ 85.0354368, 25.0315478 ], [ 85.023915, 25.0170031 ], [ 84.9912178, 25.025201 ], [ 84.9940204, 25.0125074 ], [ 84.9834328, 25.0029872 ], [ 84.9672399, 25.0051028 ], [ 84.9557181, 24.9873846 ], [ 84.9348542, 24.9868557 ], [ 84.9286261, 25.0156808 ], [ 84.9093193, 25.0267877 ], [ 84.9270691, 25.054555 ], [ 84.9099421, 25.0656619 ], [ 84.856381, 25.0619596 ], [ 84.8115392, 25.0725376 ], [ 84.7816447, 25.0661908 ], [ 84.7691886, 25.0479437 ], [ 84.7336889, 25.0553483 ], [ 84.7302635, 25.0397458 ], [ 84.6988119, 25.0418614 ], [ 84.7013031, 25.0368368 ], [ 84.7181188, 25.0056317 ], [ 84.7464563, 25.0006071 ], [ 84.7461449, 24.9847401 ], [ 84.7324433, 24.9757488 ], [ 84.7296407, 24.9738977 ], [ 84.7343117, 24.9686087 ], [ 84.7358687, 24.9612041 ], [ 84.711268, 24.9540639 ], [ 84.7165618, 24.924181 ], [ 84.7053514, 24.9019672 ], [ 84.7044171, 24.9009094 ], [ 84.6829305, 24.9014383 ], [ 84.6807506, 24.8903314 ], [ 84.6633122, 24.8882158 ], [ 84.6695402, 24.8710265 ], [ 84.6461851, 24.8800178 ], [ 84.6399571, 24.8741999 ], [ 84.6511675, 24.855424 ], [ 84.673277, 24.8485482 ], [ 84.6751454, 24.831359 ], [ 84.6953865, 24.8318879 ], [ 84.7050399, 24.799096 ], [ 84.7355573, 24.7946004 ], [ 84.7249696, 24.7882536 ], [ 84.7349345, 24.7652464 ], [ 84.7168732, 24.7647175 ], [ 84.7290179, 24.7438259 ], [ 84.7224784, 24.6993983 ], [ 84.7025487, 24.6983405 ], [ 84.6997461, 24.6785067 ], [ 84.6452509, 24.6787712 ], [ 84.6343518, 24.650475 ], [ 84.6022775, 24.655764 ], [ 84.5966723, 24.5959983 ], [ 84.5655321, 24.5708755 ], [ 84.5814136, 24.5618842 ], [ 84.546848, 24.5267123 ], [ 84.4842564, 24.5134898 ], [ 84.4677521, 24.5362325 ], [ 84.4478224, 24.5357036 ], [ 84.4369234, 24.5727266 ], [ 84.4213533, 24.5520995 ], [ 84.4029806, 24.5727266 ], [ 84.3917702, 24.5671732 ], [ 84.3858535, 24.5301501 ], [ 84.3709063, 24.5288279 ], [ 84.3721519, 24.5097875 ], [ 84.3260645, 24.4899537 ], [ 84.302398, 24.4796401 ], [ 84.2911875, 24.4661532 ], [ 84.2927445, 24.4621864 ], [ 84.2974155, 24.4489639 ], [ 84.3217048, 24.446055 ], [ 84.3357179, 24.4312457 ], [ 84.3204592, 24.4211966 ], [ 84.3344723, 24.4204033 ], [ 84.3419459, 24.3934294 ], [ 84.3419459, 24.3931649 ], [ 84.3733975, 24.3833802 ], [ 84.3880333, 24.3886692 ], [ 84.39395, 24.3733311 ], [ 84.4067174, 24.3749178 ], [ 84.4004894, 24.3646043 ], [ 84.4306953, 24.3566708 ], [ 84.4244673, 24.3296968 ], [ 84.4599671, 24.3373659 ], [ 84.4668179, 24.3172677 ], [ 84.4836336, 24.3130365 ], [ 84.5032519, 24.3291679 ], [ 84.4851906, 24.3066897 ], [ 84.4945326, 24.289236 ], [ 84.4957782, 24.2871204 ], [ 84.4960896, 24.286327 ], [ 84.4970238, 24.2873848 ], [ 84.5048089, 24.2990206 ], [ 84.5315894, 24.3386882 ], [ 84.529721, 24.3569352 ], [ 84.528164, 24.3735956 ], [ 84.5278526, 24.3749178 ], [ 84.5540103, 24.3728022 ], [ 84.572383, 24.3828513 ], [ 84.5614839, 24.3963383 ], [ 84.5674005, 24.4092964 ], [ 84.5829706, 24.4129987 ], [ 84.5860846, 24.4003051 ], [ 84.6464965, 24.4029496 ], [ 84.6651806, 24.3910493 ], [ 84.6863559, 24.456633 ], [ 84.7283951, 24.469591 ], [ 84.7551756, 24.4997384 ], [ 84.7860043, 24.5034407 ], [ 84.80282, 24.5304146 ], [ 84.8389425, 24.5126964 ], [ 84.8327145, 24.4701199 ], [ 84.840811, 24.4690621 ], [ 84.8398767, 24.4524018 ], [ 84.8535784, 24.4664176 ], [ 84.8641661, 24.4571619 ], [ 84.8753765, 24.467211 ], [ 84.8875212, 24.4632442 ], [ 84.8819159, 24.4246345 ], [ 84.9043368, 24.3952805 ], [ 84.9040254, 24.3722733 ], [ 84.9491786, 24.37386 ], [ 84.9541611, 24.37148 ], [ 84.9734679, 24.3746534 ], [ 84.9750249, 24.3749178 ], [ 84.9753363, 24.3749178 ], [ 85.0282746, 24.4153787 ], [ 85.0619059, 24.4074452 ], [ 85.0796558, 24.4333613 ], [ 85.0818356, 24.3984539 ], [ 85.072805, 24.3807357 ], [ 85.0883751, 24.37386 ], [ 85.0877522, 24.3704222 ], [ 85.0930461, 24.3751823 ], [ 85.0986513, 24.3735956 ], [ 85.123252, 24.4018918 ], [ 85.1730762, 24.4214611 ], [ 85.175256, 24.4222544 ], [ 85.1534579, 24.4479061 ], [ 85.1615544, 24.4605997 ], [ 85.2260145, 24.4632442 ], [ 85.249681, 24.490747 ], [ 85.2826895, 24.4915404 ], [ 85.2882947, 24.52301 ], [ 85.3533776, 24.5224811 ], [ 85.3312681, 24.5097875 ], [ 85.39168, 24.5298857 ], [ 85.3975966, 24.5446949 ], [ 85.3751757, 24.5536862 ], [ 85.3739301, 24.5539507 ], [ 85.3708161, 24.5552729 ], [ 85.3524434, 24.5491906 ], [ 85.3206805, 24.5571241 ], [ 85.3300225, 24.5817179 ], [ 85.3156981, 24.5843624 ], [ 85.3035534, 24.6324924 ], [ 85.3066674, 24.642277 ], [ 85.3231717, 24.6335502 ], [ 85.3253515, 24.6465083 ], [ 85.3044876, 24.6491528 ], [ 85.2948342, 24.6689865 ], [ 85.301685, 24.6753333 ], [ 85.3237945, 24.6652842 ], [ 85.3297111, 24.7123564 ], [ 85.3216147, 24.7298101 ], [ 85.3029306, 24.7247855 ], [ 85.2957684, 24.7467349 ], [ 85.266808, 24.7446193 ], [ 85.2764615, 24.7803201 ], [ 85.2914088, 24.7811134 ], [ 85.3010622, 24.7996249 ], [ 85.3044876, 24.8310945 ], [ 85.3200577, 24.8392925 ], [ 85.3206805, 24.8572751 ], [ 85.338119, 24.8585974 ], [ 85.3303339, 24.8808112 ], [ 85.3636539, 24.8802823 ], [ 85.3645881, 24.892447 ], [ 85.3792239, 24.8982649 ], [ 85.3739301, 24.9233877 ], [ 85.382338, 24.9344946 ], [ 85.3742415, 24.9458659 ], [ 85.3773555, 24.9493038 ], [ 85.3882546, 24.9619974 ] ] ] } },
{ "type": "Feature", "properties": { "dt_code": "226", "district": "Munger", "st_code": "10", "year": "2011_c", "st_nm": "Bihar" }, "geometry": { "type": "Polygon", "coordinates": [ [ [ 86.509611, 25.4234631 ], [ 86.5139706, 25.4120917 ], [ 86.5105452, 25.4120917 ], [ 86.4822076, 25.4128851 ], [ 86.4625894, 25.3877623 ], [ 86.4370544, 25.4015137 ], [ 86.4155677, 25.3943736 ], [ 86.4021775, 25.376391 ], [ 86.3934582, 25.3647552 ], [ 86.3931468, 25.3644907 ], [ 86.3931468, 25.3647552 ], [ 86.3881644, 25.3800933 ], [ 86.3635637, 25.3594661 ], [ 86.3694803, 25.3554994 ], [ 86.3143623, 25.3348723 ], [ 86.3218359, 25.3224431 ], [ 86.3109369, 25.3145096 ], [ 86.3096913, 25.3139807 ], [ 86.3081343, 25.3174186 ], [ 86.3059545, 25.3197986 ], [ 86.3072001, 25.3150385 ], [ 86.3078229, 25.3126584 ], [ 86.3081343, 25.312394 ], [ 86.3068887, 25.3116006 ], [ 86.2608013, 25.2856845 ], [ 86.2632925, 25.2796022 ], [ 86.2632925, 25.2796022 ], [ 86.2642267, 25.2774866 ], [ 86.3526647, 25.2994359 ], [ 86.3701031, 25.2489259 ], [ 86.3897214, 25.2275055 ], [ 86.3676119, 25.2089939 ], [ 86.3707259, 25.1439392 ], [ 86.4199274, 25.1381213 ], [ 86.4136993, 25.0979248 ], [ 86.3931468, 25.0868179 ], [ 86.3841162, 25.0571995 ], [ 86.4383, 25.0455637 ], [ 86.4386114, 24.998756 ], [ 86.4516903, 25.0095985 ], [ 86.4576069, 24.998756 ], [ 86.5064969, 24.9850046 ], [ 86.5043171, 24.9831534 ], [ 86.5071198, 24.985269 ], [ 86.5298521, 24.9847401 ], [ 86.5510273, 24.9646419 ], [ 86.5451107, 24.9537994 ], [ 86.5715798, 24.9633197 ], [ 86.5843473, 24.9474526 ], [ 86.604277, 24.9487749 ], [ 86.605834, 24.9752199 ], [ 86.6226497, 24.9773355 ], [ 86.6273207, 24.9667575 ], [ 86.6509872, 24.9813023 ], [ 86.6503644, 25.0106563 ], [ 86.6702941, 25.0106563 ], [ 86.6525442, 25.0244077 ], [ 86.6506758, 25.0423903 ], [ 86.6668687, 25.0831156 ], [ 86.6930264, 25.1053294 ], [ 86.6892896, 25.1148497 ], [ 86.6920922, 25.1153786 ], [ 86.6914694, 25.1177586 ], [ 86.6780791, 25.1214609 ], [ 86.6818159, 25.1402369 ], [ 86.6961404, 25.1428814 ], [ 86.7079736, 25.1701198 ], [ 86.708285, 25.1701198 ], [ 86.7378682, 25.1830778 ], [ 86.7045482, 25.1878379 ], [ 86.6961404, 25.2029116 ], [ 86.6986316, 25.1904824 ], [ 86.6855527, 25.1881024 ], [ 86.6849299, 25.1881024 ], [ 86.6699827, 25.2132252 ], [ 86.642268, 25.2253899 ], [ 86.642268, 25.2256543 ], [ 86.6413337, 25.2293566 ], [ 86.6382197, 25.2428436 ], [ 86.6388425, 25.2428436 ], [ 86.6559696, 25.2436369 ], [ 86.7279033, 25.2465459 ], [ 86.7254121, 25.2539505 ], [ 86.7204297, 25.2597684 ], [ 86.6730967, 25.270082 ], [ 86.6472504, 25.2735198 ], [ 86.6460048, 25.2758999 ], [ 86.6344829, 25.3044605 ], [ 86.6497416, 25.3274677 ], [ 86.6238953, 25.3531193 ], [ 86.6403995, 25.3861756 ], [ 86.6400881, 25.3898779 ], [ 86.5983604, 25.426901 ], [ 86.5700228, 25.4906335 ], [ 86.563172, 25.493278 ], [ 86.555387, 25.4927491 ], [ 86.5404397, 25.4916913 ], [ 86.5264266, 25.4581061 ], [ 86.5083654, 25.4456769 ], [ 86.509611, 25.4234631 ] ] ] } },
{ "type": "Feature", "properties": { "dt_code": "220", "district": "Vaishali", "st_code": "10", "year": "2011_c", "st_nm": "Bihar" }, "geometry": { "type": "Polygon", "coordinates": [ [ [ 85.6451607, 25.9161339 ], [ 85.626788, 25.9227452 ], [ 85.5660648, 25.9259186 ], [ 85.5567227, 25.9095227 ], [ 85.533679, 25.9224807 ], [ 85.5093897, 25.9039692 ], [ 85.4689075, 25.934381 ], [ 85.4689075, 25.9267119 ], [ 85.4461752, 25.9240674 ], [ 85.4091185, 25.944959 ], [ 85.3876318, 25.9309432 ], [ 85.3337593, 25.9547437 ], [ 85.2939, 25.9468102 ], [ 85.2836237, 25.9550081 ], [ 85.2935886, 25.9981135 ], [ 85.2714791, 26.0134516 ], [ 85.2471898, 26.0118649 ], [ 85.2341109, 25.9970557 ], [ 85.1749446, 26.0110716 ], [ 85.1494097, 25.9965268 ], [ 85.1048793, 25.9986424 ], [ 85.1067477, 25.9822465 ], [ 85.1058135, 25.9817176 ], [ 85.1048793, 25.9814532 ], [ 85.079033, 25.9708751 ], [ 85.0740506, 25.9756352 ], [ 85.0690682, 25.9748419 ], [ 85.074362, 25.9671728 ], [ 85.0780988, 25.9322654 ], [ 85.1148442, 25.8949779 ], [ 85.1148442, 25.8677395 ], [ 85.1646684, 25.8383856 ], [ 85.1926945, 25.6701952 ], [ 85.2029708, 25.6493036 ], [ 85.2406503, 25.6220653 ], [ 85.2297513, 25.6009092 ], [ 85.2484354, 25.5932402 ], [ 85.3113384, 25.5120539 ], [ 85.3237945, 25.5096739 ], [ 85.3882546, 25.5012115 ], [ 85.429671, 25.4959225 ], [ 85.4349648, 25.5131117 ], [ 85.4710874, 25.5194586 ], [ 85.4947539, 25.5435235 ], [ 85.4950653, 25.543788 ], [ 85.527451, 25.5382345 ], [ 85.5265168, 25.5416724 ], [ 85.5318106, 25.5522504 ], [ 85.533679, 25.5559527 ], [ 85.5339904, 25.556746 ], [ 85.5473807, 25.5406146 ], [ 85.5570341, 25.5628284 ], [ 85.5436439, 25.5689107 ], [ 85.5470693, 25.5781665 ], [ 85.529008, 25.5905957 ], [ 85.5293194, 25.6027604 ], [ 85.5371044, 25.6239164 ], [ 85.5504947, 25.6239164 ], [ 85.5704244, 25.6884423 ], [ 85.611218, 25.7103916 ], [ 85.6186916, 25.7595794 ], [ 85.6295907, 25.7735952 ], [ 85.6140206, 25.7765042 ], [ 85.6068584, 25.7907845 ], [ 85.6193144, 25.8256919 ], [ 85.6090382, 25.8341544 ], [ 85.6149548, 25.8426168 ], [ 85.5984505, 25.8497569 ], [ 85.6102838, 25.854517 ], [ 85.6121522, 25.878582 ], [ 85.6242968, 25.8801687 ], [ 85.6286565, 25.9034403 ], [ 85.6451607, 25.9161339 ] ] ] } },
{ "type": "Feature", "properties": { "dt_code": "222", "district": "Begusarai", "st_code": "10", "year": "2011_c", "st_nm": "Bihar" }, "geometry": { "type": "Polygon", "coordinates": [ [ [ 85.7345329, 25.5244831 ], [ 85.7737695, 25.5448458 ], [ 85.7815545, 25.549077 ], [ 85.7821773, 25.549077 ], [ 85.8002386, 25.5459036 ], [ 85.8098921, 25.5440524 ], [ 85.8102035, 25.543788 ], [ 85.838541, 25.5173429 ], [ 85.8896108, 25.4990959 ], [ 85.9064265, 25.4591639 ], [ 85.8815144, 25.4734442 ], [ 85.8737293, 25.4393301 ], [ 85.8877424, 25.421612 ], [ 85.9005099, 25.4202897 ], [ 85.9076721, 25.4311322 ], [ 85.9397464, 25.4089183 ], [ 85.9568735, 25.4131495 ], [ 86.0042065, 25.3800933 ], [ 86.0132372, 25.3626395 ], [ 86.0291186, 25.362904 ], [ 86.032544, 25.3917291 ], [ 86.0474913, 25.3914646 ], [ 86.068978, 25.3356656 ], [ 86.0680438, 25.3356656 ], [ 86.0764516, 25.3131873 ], [ 86.0776972, 25.3100139 ], [ 86.0795657, 25.3097495 ], [ 86.1474512, 25.2981137 ], [ 86.1586616, 25.2645285 ], [ 86.1664466, 25.2587106 ], [ 86.1661352, 25.2708753 ], [ 86.1944728, 25.2587106 ], [ 86.1941614, 25.2497193 ], [ 86.2636039, 25.2782799 ], [ 86.2632925, 25.2796022 ], [ 86.2608013, 25.2856845 ], [ 86.3068887, 25.3116006 ], [ 86.3081343, 25.312394 ], [ 86.3078229, 25.3126584 ], [ 86.3072001, 25.3150385 ], [ 86.3059545, 25.3197986 ], [ 86.3081343, 25.3174186 ], [ 86.3096913, 25.3139807 ], [ 86.3109369, 25.3145096 ], [ 86.3218359, 25.3224431 ], [ 86.3143623, 25.3348723 ], [ 86.3694803, 25.3554994 ], [ 86.3635637, 25.3594661 ], [ 86.3881644, 25.3800933 ], [ 86.3931468, 25.3647552 ], [ 86.3931468, 25.3644907 ], [ 86.3934582, 25.3647552 ], [ 86.4021775, 25.376391 ], [ 86.4155677, 25.3943736 ], [ 86.4370544, 25.4015137 ], [ 86.4625894, 25.3877623 ], [ 86.4822076, 25.4128851 ], [ 86.5105452, 25.4120917 ], [ 86.5139706, 25.4120917 ], [ 86.509611, 25.4234631 ], [ 86.5083654, 25.4276943 ], [ 86.5033829, 25.421612 ], [ 86.4607209, 25.442768 ], [ 86.4370544, 25.4750309 ], [ 86.419616, 25.477411 ], [ 86.424287, 25.4998892 ], [ 86.3993749, 25.5049138 ], [ 86.3866074, 25.4816422 ], [ 86.3666777, 25.4787332 ], [ 86.3760198, 25.4866667 ], [ 86.3697917, 25.4943358 ], [ 86.3529761, 25.4758243 ], [ 86.3458138, 25.4842867 ], [ 86.3663663, 25.5025337 ], [ 86.3426998, 25.4988314 ], [ 86.3395858, 25.4858734 ], [ 86.3293096, 25.4927491 ], [ 86.3364718, 25.4990959 ], [ 86.3302438, 25.5178718 ], [ 86.3258841, 25.5075583 ], [ 86.3184105, 25.5244831 ], [ 86.2925642, 25.522632 ], [ 86.2981694, 25.5371767 ], [ 86.2829108, 25.5429946 ], [ 86.2835336, 25.5622995 ], [ 86.2863362, 25.5781665 ], [ 86.2991036, 25.5744642 ], [ 86.2788625, 25.5961491 ], [ 86.2941212, 25.63661 ], [ 86.2944326, 25.6379323 ], [ 86.2938098, 25.6376678 ], [ 86.2735687, 25.6297343 ], [ 86.255196, 25.63661 ], [ 86.2558188, 25.6485103 ], [ 86.1820167, 25.6649062 ], [ 86.1773457, 25.7130361 ], [ 86.1617756, 25.7185896 ], [ 86.1412231, 25.7069538 ], [ 86.1430915, 25.727052 ], [ 86.1458941, 25.7283743 ], [ 86.1483854, 25.7394812 ], [ 86.1446485, 25.7452991 ], [ 86.1508766, 25.7513814 ], [ 86.1521222, 25.7574638 ], [ 86.1508766, 25.7609016 ], [ 86.1434029, 25.764075 ], [ 86.1331267, 25.7614305 ], [ 86.1377977, 25.7664551 ], [ 86.1200478, 25.7738597 ], [ 86.1110172, 25.7749175 ], [ 86.1060348, 25.7741241 ], [ 86.106969, 25.7585216 ], [ 86.1384205, 25.7550837 ], [ 86.1318811, 25.7357789 ], [ 86.0839253, 25.7442413 ], [ 86.075206, 25.7402745 ], [ 86.0861051, 25.732341 ], [ 86.0770744, 25.7265231 ], [ 86.0434431, 25.7336633 ], [ 86.0412633, 25.7214985 ], [ 86.0300528, 25.7257298 ], [ 86.0250704, 25.7159451 ], [ 86.0107459, 25.7230852 ], [ 86.0101231, 25.7077471 ], [ 86.0291186, 25.6937313 ], [ 85.9989127, 25.6810377 ], [ 86.0060749, 25.663055 ], [ 86.0241362, 25.6635839 ], [ 86.01386, 25.6572371 ], [ 86.0228906, 25.641899 ], [ 86.0132372, 25.6339655 ], [ 86.0101231, 25.5969425 ], [ 85.977426, 25.6138673 ], [ 85.9500227, 25.6506259 ], [ 85.9157685, 25.6379323 ], [ 85.8964616, 25.6508903 ], [ 85.8815144, 25.6339655 ], [ 85.8899222, 25.6617328 ], [ 85.8805802, 25.6646417 ], [ 85.8712381, 25.6445435 ], [ 85.8438348, 25.6437502 ], [ 85.8298217, 25.6175696 ], [ 85.8500628, 25.6038182 ], [ 85.8485058, 25.5749931 ], [ 85.7759493, 25.5845133 ], [ 85.745432, 25.5570105 ], [ 85.7345329, 25.5244831 ] ] ] } },
{ "type": "Feature", "properties": { "dt_code": "224", "district": "Bhagalpur", "st_code": "10", "year": "2011_c", "st_nm": "Bihar" }, "geometry": { "type": "Polygon", "coordinates": [ [ [ 87.2177377, 25.4559905 ], [ 87.2049703, 25.450437 ], [ 87.1834836, 25.4411813 ], [ 87.1828608, 25.4409168 ], [ 87.1825494, 25.4411813 ], [ 87.1644881, 25.4517593 ], [ 87.1495408, 25.4364212 ], [ 87.103142, 25.4329833 ], [ 87.0825895, 25.442768 ], [ 87.0822781, 25.4430324 ], [ 87.0785413, 25.4713286 ], [ 87.0981596, 25.4906335 ], [ 87.100028, 25.5191941 ], [ 87.0941114, 25.5096739 ], [ 87.0670194, 25.4700064 ], [ 87.0433529, 25.4729153 ], [ 87.0190636, 25.4620728 ], [ 87.0165724, 25.4805844 ], [ 87.0031822, 25.4705353 ], [ 86.97827, 25.4760887 ], [ 86.9698622, 25.4620728 ], [ 86.9536693, 25.479791 ], [ 86.9331168, 25.4816422 ], [ 86.9427703, 25.4893112 ], [ 86.92938, 25.4922202 ], [ 86.9256432, 25.4840222 ], [ 86.9206608, 25.493278 ], [ 86.9088275, 25.4898401 ], [ 86.9141214, 25.4731798 ], [ 86.9013539, 25.4782043 ], [ 86.8533981, 25.4530815 ], [ 86.8275518, 25.4573127 ], [ 86.826929, 25.4575772 ], [ 86.8266176, 25.4554616 ], [ 86.8225694, 25.4446191 ], [ 86.8244378, 25.4425035 ], [ 86.8194553, 25.4118273 ], [ 86.8568235, 25.3636973 ], [ 86.8144729, 25.3293188 ], [ 86.784267, 25.3248232 ], [ 86.7883152, 25.3068405 ], [ 86.7727451, 25.2867423 ], [ 86.7783504, 25.2756354 ], [ 86.7257235, 25.2539505 ], [ 86.7254121, 25.2539505 ], [ 86.7279033, 25.2465459 ], [ 86.6559696, 25.2436369 ], [ 86.6388425, 25.2428436 ], [ 86.6382197, 25.2428436 ], [ 86.6413337, 25.2293566 ], [ 86.642268, 25.2256543 ], [ 86.642268, 25.2253899 ], [ 86.6699827, 25.2132252 ], [ 86.6849299, 25.1881024 ], [ 86.6855527, 25.1881024 ], [ 86.6986316, 25.1904824 ], [ 86.6961404, 25.2029116 ], [ 86.7045482, 25.1878379 ], [ 86.7378682, 25.1830778 ], [ 86.708285, 25.1701198 ], [ 86.7079736, 25.1701198 ], [ 86.6961404, 25.1428814 ], [ 86.6818159, 25.1402369 ], [ 86.6780791, 25.1214609 ], [ 86.6914694, 25.1177586 ], [ 86.6920922, 25.1153786 ], [ 86.6976974, 25.1161719 ], [ 86.7300831, 25.1217254 ], [ 86.7347542, 25.1201387 ], [ 86.7397366, 25.1182875 ], [ 86.7870696, 25.1016271 ], [ 86.7979686, 25.1137919 ], [ 86.8135387, 25.0923714 ], [ 86.825372, 25.1108829 ], [ 86.8509069, 25.1087673 ], [ 86.8733278, 25.0929003 ], [ 87.013147, 25.1090318 ], [ 87.0411731, 25.094487 ], [ 87.0514494, 25.1055939 ], [ 87.1221375, 25.0907847 ], [ 87.1423786, 25.0635463 ], [ 87.1766327, 25.0587862 ], [ 87.1763213, 25.0582573 ], [ 87.1903344, 25.0672486 ], [ 87.2111983, 25.0807356 ], [ 87.2127553, 25.0910491 ], [ 87.2370446, 25.089198 ], [ 87.2414042, 25.1169653 ], [ 87.2697417, 25.0939581 ], [ 87.2955881, 25.0886691 ], [ 87.3276624, 25.2235387 ], [ 87.3718814, 25.2063494 ], [ 87.3921225, 25.2256543 ], [ 87.3964821, 25.2264477 ], [ 87.4048899, 25.2230098 ], [ 87.4123636, 25.2150763 ], [ 87.4780693, 25.1944492 ], [ 87.474021, 25.2306789 ], [ 87.4737096, 25.2341167 ], [ 87.4771351, 25.2412569 ], [ 87.5004902, 25.2597684 ], [ 87.4874113, 25.2973203 ], [ 87.4936393, 25.3036671 ], [ 87.5017358, 25.2922958 ], [ 87.5428408, 25.2811889 ], [ 87.55156, 25.3314344 ], [ 87.5415951, 25.3306411 ], [ 87.5366127, 25.338839 ], [ 87.5285163, 25.3531193 ], [ 87.5275821, 25.354706 ], [ 87.5263365, 25.354706 ], [ 87.5257137, 25.3486237 ], [ 87.5008016, 25.3515326 ], [ 87.4870999, 25.3692508 ], [ 87.4422581, 25.3634329 ], [ 87.4419467, 25.3636973 ], [ 87.4350959, 25.3814155 ], [ 87.408004, 25.3808866 ], [ 87.4089382, 25.3927869 ], [ 87.3672104, 25.4094472 ], [ 87.365342, 25.4247854 ], [ 87.2921626, 25.3996626 ], [ 87.2812636, 25.3666063 ], [ 87.2628909, 25.3515326 ], [ 87.2765926, 25.3713664 ], [ 87.229571, 25.3766554 ], [ 87.2152465, 25.3919935 ], [ 87.2155579, 25.4102406 ], [ 87.2018562, 25.4194964 ], [ 87.2002992, 25.4205542 ], [ 87.2052817, 25.4245209 ], [ 87.2261455, 25.4536104 ], [ 87.2177377, 25.4559905 ] ] ] } },
{ "type": "Feature", "properties": { "dt_code": "227", "district": "Lakhisarai", "st_code": "10", "year": "2011_c", "st_nm": "Bihar" }, "geometry": { "type": "Polygon", "coordinates": [ [ [ 86.3707259, 25.1439392 ], [ 86.3676119, 25.2089939 ], [ 86.3897214, 25.2275055 ], [ 86.3701031, 25.2489259 ], [ 86.3526647, 25.2994359 ], [ 86.2642267, 25.2774866 ], [ 86.2632925, 25.2796022 ], [ 86.2632925, 25.2796022 ], [ 86.2636039, 25.2782799 ], [ 86.1941614, 25.2497193 ], [ 86.1944728, 25.2587106 ], [ 86.1661352, 25.2708753 ], [ 86.1664466, 25.2587106 ], [ 86.1586616, 25.2645285 ], [ 86.1474512, 25.2981137 ], [ 86.0795657, 25.3097495 ], [ 86.0776972, 25.3100139 ], [ 86.0764516, 25.3131873 ], [ 86.0680438, 25.3356656 ], [ 86.0574562, 25.3351367 ], [ 86.0428203, 25.3346078 ], [ 86.0412633, 25.3338145 ], [ 86.0197766, 25.2967914 ], [ 85.9310272, 25.3213853 ], [ 85.9322728, 25.2986426 ], [ 85.9107861, 25.2949403 ], [ 85.9064265, 25.2885935 ], [ 85.9030011, 25.2584461 ], [ 85.9020669, 25.2576528 ], [ 85.9020669, 25.2573883 ], [ 85.9020669, 25.256595 ], [ 85.9550051, 25.2161341 ], [ 85.9556279, 25.1976226 ], [ 85.9559393, 25.1944492 ], [ 85.9631015, 25.1918047 ], [ 85.969641, 25.1891602 ], [ 85.9724436, 25.1881024 ], [ 85.9892593, 25.1939203 ], [ 85.9911277, 25.2132252 ], [ 86.01386, 25.2134896 ], [ 86.0038951, 25.1780533 ], [ 85.9817856, 25.1801689 ], [ 85.9936189, 25.1672108 ], [ 85.9802286, 25.1677397 ], [ 85.9824084, 25.1486993 ], [ 85.9587419, 25.139708 ], [ 85.9568735, 25.1325678 ], [ 85.9537595, 25.1211965 ], [ 85.9522025, 25.1153786 ], [ 85.9509569, 25.0952803 ], [ 85.969641, 25.0921069 ], [ 85.9643471, 25.0831156 ], [ 85.9621673, 25.0791489 ], [ 85.9761804, 25.0720087 ], [ 85.972755, 25.0299611 ], [ 85.9848996, 25.0214987 ], [ 85.9771146, 24.9974337 ], [ 85.974312, 24.9969048 ], [ 85.9802286, 24.9913514 ], [ 85.9808514, 24.9908225 ], [ 86.0066977, 24.9976982 ], [ 86.0079433, 24.9823601 ], [ 86.0499825, 24.9741621 ], [ 86.0618158, 24.9786578 ], [ 86.061193, 24.990558 ], [ 86.0755174, 24.9813023 ], [ 86.0910875, 24.9955826 ], [ 86.0976269, 24.97998 ], [ 86.1184908, 24.9741621 ], [ 86.1181794, 24.9902936 ], [ 86.1381091, 25.0066895 ], [ 86.1446485, 25.0500593 ], [ 86.2103542, 25.0177964 ], [ 86.2119112, 24.9953181 ], [ 86.2337093, 24.993467 ], [ 86.2530162, 25.0119785 ], [ 86.24274, 25.0556128 ], [ 86.286959, 25.0804711 ], [ 86.3124939, 25.0778266 ], [ 86.3205903, 25.1108829 ], [ 86.3707259, 25.1439392 ] ] ] } },
{ "type": "Feature", "properties": { "dt_code": "228", "district": "Sheikhpura", "st_code": "10", "year": "2011_c", "st_nm": "Bihar" }, "geometry": { "type": "Polygon", "coordinates": [ [ [ 85.974312, 24.9969048 ], [ 85.9771146, 24.9974337 ], [ 85.9848996, 25.0214987 ], [ 85.972755, 25.0299611 ], [ 85.9761804, 25.0720087 ], [ 85.9621673, 25.0791489 ], [ 85.9643471, 25.0831156 ], [ 85.969641, 25.0921069 ], [ 85.9509569, 25.0952803 ], [ 85.9522025, 25.1153786 ], [ 85.9537595, 25.1211965 ], [ 85.9568735, 25.1325678 ], [ 85.9587419, 25.139708 ], [ 85.9824084, 25.1486993 ], [ 85.9802286, 25.1677397 ], [ 85.9936189, 25.1672108 ], [ 85.9817856, 25.1801689 ], [ 86.0038951, 25.1780533 ], [ 86.01386, 25.2134896 ], [ 85.9911277, 25.2132252 ], [ 85.9892593, 25.1939203 ], [ 85.9724436, 25.1881024 ], [ 85.969641, 25.1891602 ], [ 85.9631015, 25.1918047 ], [ 85.9559393, 25.1944492 ], [ 85.9556279, 25.1976226 ], [ 85.9550051, 25.2161341 ], [ 85.9020669, 25.256595 ], [ 85.9020669, 25.2573883 ], [ 85.9020669, 25.2573883 ], [ 85.8752863, 25.2346456 ], [ 85.8441462, 25.2346456 ], [ 85.8344928, 25.2158697 ], [ 85.802107, 25.2245965 ], [ 85.7946334, 25.2132252 ], [ 85.7940106, 25.2124318 ], [ 85.7940106, 25.2132252 ], [ 85.795879, 25.2462814 ], [ 85.7728353, 25.2388768 ], [ 85.7759493, 25.2602973 ], [ 85.7388925, 25.2579172 ], [ 85.7385811, 25.2740487 ], [ 85.7009016, 25.2634707 ], [ 85.7002788, 25.2277699 ], [ 85.7189629, 25.2216876 ], [ 85.7220769, 25.2206298 ], [ 85.7276821, 25.1989448 ], [ 85.7289277, 25.1941847 ], [ 85.7289277, 25.1939203 ], [ 85.7192743, 25.1838712 ], [ 85.6962306, 25.187309 ], [ 85.6959191, 25.1669464 ], [ 85.7037042, 25.1632441 ], [ 85.6878227, 25.1431458 ], [ 85.6716298, 25.142088 ], [ 85.6685158, 25.1204031 ], [ 85.6685158, 25.1182875 ], [ 85.6152662, 25.1235765 ], [ 85.6124636, 25.1182875 ], [ 85.6180688, 25.1106185 ], [ 85.6342617, 25.096867 ], [ 85.6809719, 25.1129985 ], [ 85.6809719, 25.1129985 ], [ 85.6940507, 25.0936936 ], [ 85.7407609, 25.0960737 ], [ 85.7507258, 25.1077095 ], [ 85.7731467, 25.094487 ], [ 85.7743923, 25.0796778 ], [ 85.7653617, 25.0775622 ], [ 85.7697213, 25.0201765 ], [ 85.7697213, 25.0180609 ], [ 85.7385811, 25.0164742 ], [ 85.7373355, 25.0064251 ], [ 85.7491688, 24.9982271 ], [ 85.753217, 24.9955826 ], [ 85.7619362, 24.9992849 ], [ 85.7681643, 25.0080118 ], [ 85.7799975, 25.0064251 ], [ 85.7784405, 24.9926736 ], [ 85.7961904, 24.9770711 ], [ 85.8080236, 24.9942603 ], [ 85.8142517, 24.9947892 ], [ 85.8220367, 24.9955826 ], [ 85.8279533, 24.9961115 ], [ 85.8298217, 24.9937314 ], [ 85.8341814, 24.9868557 ], [ 85.843212, 24.9900291 ], [ 85.893659, 25.0085407 ], [ 85.9098519, 25.0008716 ], [ 85.9210623, 25.0151519 ], [ 85.9481543, 25.006954 ], [ 85.9431718, 24.990558 ], [ 85.972755, 24.9984915 ], [ 85.974312, 24.9969048 ] ] ] } },
{ "type": "Feature", "properties": { "dt_code": "240", "district": "Arwal", "st_code": "10", "year": "2011_c", "st_nm": "Bihar" }, "geometry": { "type": "Polygon", "coordinates": [ [ [ 84.4633925, 25.1611285 ], [ 84.4518706, 25.1375924 ], [ 84.4468882, 25.1280722 ], [ 84.4711775, 25.115643 ], [ 84.4590329, 25.102156 ], [ 84.4652609, 25.0963381 ], [ 84.4721117, 25.0905202 ], [ 84.5076115, 25.1077095 ], [ 84.539063, 25.1045361 ], [ 84.5645979, 25.1169653 ], [ 84.5680233, 25.105065 ], [ 84.5941811, 25.1024205 ], [ 84.5814136, 25.0728021 ], [ 84.6025889, 25.0902558 ], [ 84.6271896, 25.0796778 ], [ 84.6527245, 25.1040072 ], [ 84.6745226, 25.0929003 ], [ 84.6851103, 25.099776 ], [ 84.7358687, 25.0688353 ], [ 84.7336889, 25.0553483 ], [ 84.7691886, 25.0479437 ], [ 84.7816447, 25.0661908 ], [ 84.8115392, 25.0725376 ], [ 84.856381, 25.0619596 ], [ 84.8641661, 25.1003049 ], [ 84.850153, 25.1042716 ], [ 84.843925, 25.1352123 ], [ 84.8243067, 25.1365346 ], [ 84.8246181, 25.1370635 ], [ 84.8411224, 25.1754088 ], [ 84.8324031, 25.2013249 ], [ 84.8445478, 25.2182497 ], [ 84.8504644, 25.219572 ], [ 84.8573152, 25.2261832 ], [ 84.840811, 25.2364968 ], [ 84.8109164, 25.2171919 ], [ 84.7747939, 25.2251254 ], [ 84.7259038, 25.2052916 ], [ 84.722167, 25.2163986 ], [ 84.7498817, 25.2370257 ], [ 84.7713684, 25.2309433 ], [ 84.7747939, 25.23253 ], [ 84.7881841, 25.2441658 ], [ 84.7891183, 25.2497193 ], [ 84.7863157, 25.256595 ], [ 84.7807105, 25.2584461 ], [ 84.7660746, 25.2571239 ], [ 84.7467677, 25.2695531 ], [ 84.7464563, 25.2698175 ], [ 84.7371143, 25.2534216 ], [ 84.7218556, 25.2626774 ], [ 84.6966321, 25.2550083 ], [ 84.6891585, 25.2597684 ], [ 84.6876015, 25.2608262 ], [ 84.6866673, 25.2613551 ], [ 84.6885357, 25.2632063 ], [ 84.7022373, 25.2764288 ], [ 84.7093996, 25.2833045 ], [ 84.7265266, 25.2862134 ], [ 84.7075312, 25.3084272 ], [ 84.7050399, 25.3100139 ], [ 84.6745226, 25.2983781 ], [ 84.6720314, 25.296527 ], [ 84.6287466, 25.2375546 ], [ 84.5222473, 25.2076717 ], [ 84.5172649, 25.2044983 ], [ 84.4742915, 25.1698553 ], [ 84.4633925, 25.1611285 ] ] ] } },
{ "type": "Feature", "properties": { "dt_code": "239", "district": "Jehanabad", "st_code": "10", "year": "2011_c", "st_nm": "Bihar" }, "geometry": { "type": "Polygon", "coordinates": [ [ [ 85.2020366, 25.0593151 ], [ 85.2029708, 25.0619596 ], [ 85.1902033, 25.0897269 ], [ 85.1982997, 25.0987182 ], [ 85.1870893, 25.1063872 ], [ 85.1531465, 25.0971315 ], [ 85.1646684, 25.1434103 ], [ 85.1836639, 25.1494926 ], [ 85.1702736, 25.1724998 ], [ 85.1534579, 25.1658886 ], [ 85.1618658, 25.1799044 ], [ 85.1543921, 25.195507 ], [ 85.1724534, 25.2182497 ], [ 85.1540807, 25.2362323 ], [ 85.1852209, 25.2573883 ], [ 85.1855323, 25.2573883 ], [ 85.1883349, 25.2573883 ], [ 85.2095102, 25.2573883 ], [ 85.2110672, 25.2645285 ], [ 85.2110672, 25.2650574 ], [ 85.1677824, 25.272462 ], [ 85.1793043, 25.2907091 ], [ 85.173699, 25.307105 ], [ 85.1665368, 25.3081628 ], [ 85.1606202, 25.3028738 ], [ 85.126366, 25.3126584 ], [ 85.1220064, 25.3068405 ], [ 85.1210722, 25.2986426 ], [ 85.1070591, 25.2888579 ], [ 85.1173354, 25.2769577 ], [ 85.1120416, 25.270082 ], [ 85.0924233, 25.2880646 ], [ 85.0765418, 25.2732554 ], [ 85.0581691, 25.2891224 ], [ 85.0102133, 25.2645285 ], [ 85.020801, 25.2825111 ], [ 84.9958888, 25.3182119 ], [ 84.981253, 25.2904446 ], [ 84.9485558, 25.293618 ], [ 84.9360998, 25.2690242 ], [ 84.9174157, 25.2761643 ], [ 84.9199069, 25.2941469 ], [ 84.8931264, 25.2809244 ], [ 84.8934378, 25.261884 ], [ 84.8909466, 25.2608262 ], [ 84.8744423, 25.2520993 ], [ 84.8682143, 25.2232743 ], [ 84.8672801, 25.2201009 ], [ 84.8635433, 25.2224809 ], [ 84.8573152, 25.2261832 ], [ 84.8504644, 25.219572 ], [ 84.8445478, 25.2182497 ], [ 84.8324031, 25.2013249 ], [ 84.8411224, 25.1754088 ], [ 84.8246181, 25.1370635 ], [ 84.8243067, 25.1365346 ], [ 84.843925, 25.1352123 ], [ 84.850153, 25.1042716 ], [ 84.8641661, 25.1003049 ], [ 84.856381, 25.0619596 ], [ 84.9099421, 25.0656619 ], [ 84.9270691, 25.054555 ], [ 84.9093193, 25.0267877 ], [ 84.9286261, 25.0156808 ], [ 84.9348542, 24.9868557 ], [ 84.9557181, 24.9873846 ], [ 84.9672399, 25.0051028 ], [ 84.9834328, 25.0029872 ], [ 84.9940204, 25.0125074 ], [ 84.9912178, 25.025201 ], [ 85.023915, 25.0170031 ], [ 85.0354368, 25.0315478 ], [ 85.0432219, 25.03049 ], [ 85.0482043, 25.0014005 ], [ 85.0893093, 24.9926736 ], [ 85.1266774, 25.0534972 ], [ 85.1490983, 25.0521749 ], [ 85.1534579, 25.068042 ], [ 85.1827297, 25.0728021 ], [ 85.1833525, 25.0730665 ], [ 85.1805499, 25.0653975 ], [ 85.1758788, 25.0508527 ], [ 85.1771244, 25.0508527 ], [ 85.2020366, 25.0593151 ] ] ] } },
{ "type": "Feature", "properties": { "dt_code": "229", "district": "Nalanda", "st_code": "10", "year": "2011_c", "st_nm": "Bihar" }, "geometry": { "type": "Polygon", "coordinates": [ [ [ 85.6342617, 25.096867 ], [ 85.6180688, 25.1106185 ], [ 85.6124636, 25.1182875 ], [ 85.6152662, 25.1235765 ], [ 85.6685158, 25.1182875 ], [ 85.6685158, 25.1204031 ], [ 85.6716298, 25.142088 ], [ 85.6878227, 25.1431458 ], [ 85.7037042, 25.1632441 ], [ 85.6959191, 25.1669464 ], [ 85.6962306, 25.187309 ], [ 85.7192743, 25.1838712 ], [ 85.7289277, 25.1939203 ], [ 85.7289277, 25.1941847 ], [ 85.7276821, 25.1989448 ], [ 85.7220769, 25.2206298 ], [ 85.7189629, 25.2216876 ], [ 85.7002788, 25.2277699 ], [ 85.7009016, 25.2634707 ], [ 85.7385811, 25.2740487 ], [ 85.7388925, 25.2579172 ], [ 85.7759493, 25.2602973 ], [ 85.7728353, 25.2388768 ], [ 85.795879, 25.2462814 ], [ 85.7940106, 25.2132252 ], [ 85.7940106, 25.2124318 ], [ 85.7946334, 25.2132252 ], [ 85.802107, 25.2245965 ], [ 85.8344928, 25.2158697 ], [ 85.8441462, 25.2346456 ], [ 85.8752863, 25.2346456 ], [ 85.9020669, 25.2573883 ], [ 85.9020669, 25.2573883 ], [ 85.9020669, 25.2576528 ], [ 85.9030011, 25.2584461 ], [ 85.9064265, 25.2885935 ], [ 85.9067379, 25.291238 ], [ 85.890545, 25.291238 ], [ 85.8911678, 25.2788088 ], [ 85.8880538, 25.2788088 ], [ 85.8637645, 25.2788088 ], [ 85.8653215, 25.2933536 ], [ 85.8086465, 25.2880646 ], [ 85.803664, 25.3081628 ], [ 85.7413838, 25.3200631 ], [ 85.7410724, 25.3203275 ], [ 85.7407609, 25.320592 ], [ 85.7186515, 25.3607884 ], [ 85.7102436, 25.3515326 ], [ 85.6990332, 25.3634329 ], [ 85.6856429, 25.3433347 ], [ 85.655437, 25.3327567 ], [ 85.6576168, 25.3137163 ], [ 85.6563712, 25.3131873 ], [ 85.6513888, 25.3118651 ], [ 85.6482747, 25.3110717 ], [ 85.6476519, 25.312394 ], [ 85.6429809, 25.3219142 ], [ 85.6277222, 25.3200631 ], [ 85.628345, 25.3309055 ], [ 85.6457835, 25.3346078 ], [ 85.6460949, 25.3367234 ], [ 85.6398669, 25.3525904 ], [ 85.6314591, 25.3488881 ], [ 85.6361301, 25.3613173 ], [ 85.625231, 25.3779777 ], [ 85.5990733, 25.3882912 ], [ 85.5934681, 25.3856467 ], [ 85.5859945, 25.3803577 ], [ 85.5850603, 25.3814155 ], [ 85.5729156, 25.3943736 ], [ 85.5750954, 25.4213475 ], [ 85.5570341, 25.413414 ], [ 85.5573455, 25.4237276 ], [ 85.4972451, 25.4255787 ], [ 85.4882144, 25.445148 ], [ 85.4757584, 25.4356278 ], [ 85.4576971, 25.4443547 ], [ 85.4449296, 25.4385368 ], [ 85.4137895, 25.4620728 ], [ 85.4016448, 25.4588994 ], [ 85.3991536, 25.4329833 ], [ 85.396351, 25.4324544 ], [ 85.3733073, 25.4298099 ], [ 85.3599171, 25.4017782 ], [ 85.344347, 25.4102406 ], [ 85.3331365, 25.4009848 ], [ 85.301685, 25.4057449 ], [ 85.2973254, 25.392258 ], [ 85.2789527, 25.4031004 ], [ 85.252795, 25.3959603 ], [ 85.2515494, 25.4142073 ], [ 85.2369135, 25.402836 ], [ 85.1786815, 25.4023071 ], [ 85.1786815, 25.4020426 ], [ 85.1817955, 25.378771 ], [ 85.1864665, 25.3742754 ], [ 85.1849095, 25.3562927 ], [ 85.1824183, 25.3293188 ], [ 85.1817955, 25.3213853 ], [ 85.1740104, 25.3145096 ], [ 85.1665368, 25.3081628 ], [ 85.173699, 25.307105 ], [ 85.1793043, 25.2907091 ], [ 85.1677824, 25.272462 ], [ 85.2110672, 25.2650574 ], [ 85.2110672, 25.2645285 ], [ 85.2095102, 25.2573883 ], [ 85.1883349, 25.2573883 ], [ 85.1855323, 25.2573883 ], [ 85.1852209, 25.2573883 ], [ 85.1540807, 25.2362323 ], [ 85.1724534, 25.2182497 ], [ 85.1543921, 25.195507 ], [ 85.1618658, 25.1799044 ], [ 85.1534579, 25.1658886 ], [ 85.1702736, 25.1724998 ], [ 85.1836639, 25.1494926 ], [ 85.1646684, 25.1434103 ], [ 85.1531465, 25.0971315 ], [ 85.1870893, 25.1063872 ], [ 85.1982997, 25.0987182 ], [ 85.1902033, 25.0897269 ], [ 85.2029708, 25.0619596 ], [ 85.2020366, 25.0593151 ], [ 85.1917603, 25.035779 ], [ 85.1917603, 25.0326056 ], [ 85.2120014, 25.0418614 ], [ 85.2126242, 25.054555 ], [ 85.2266373, 25.0548194 ], [ 85.2272601, 25.0548194 ], [ 85.2375363, 25.0072184 ], [ 85.2484354, 25.0066895 ], [ 85.2487468, 25.02811 ], [ 85.2571546, 25.0328701 ], [ 85.257466, 25.0331345 ], [ 85.2587116, 25.0336634 ], [ 85.2593344, 25.022821 ], [ 85.3132069, 25.022821 ], [ 85.3181893, 25.0077473 ], [ 85.350575, 25.0204409 ], [ 85.3561802, 24.9871202 ], [ 85.3829608, 24.9916158 ], [ 85.3720617, 24.9725754 ], [ 85.388566, 24.9619974 ], [ 85.3882546, 24.9619974 ], [ 85.390123, 24.9609396 ], [ 85.3907458, 24.9612041 ], [ 85.4022676, 24.9712532 ], [ 85.5209116, 25.0159453 ], [ 85.518109, 25.0032516 ], [ 85.5573455, 24.985269 ], [ 85.5629508, 25.0048383 ], [ 85.5395957, 25.0167386 ], [ 85.5476921, 25.0326056 ], [ 85.5981391, 25.0289033 ], [ 85.6314591, 25.068042 ], [ 85.65388, 25.0614307 ], [ 85.6342617, 25.096867 ] ] ] } },
{ "type": "Feature", "properties": { "dt_code": "230", "district": "Patna", "st_code": "10", "year": "2011_c", "st_nm": "Bihar" }, "geometry": { "type": "Polygon", "coordinates": [ [ [ 85.527451, 25.5382345 ], [ 85.4950653, 25.543788 ], [ 85.4947539, 25.5435235 ], [ 85.4710874, 25.5194586 ], [ 85.4349648, 25.5131117 ], [ 85.429671, 25.4959225 ], [ 85.3882546, 25.5012115 ], [ 85.3237945, 25.5096739 ], [ 85.3113384, 25.5120539 ], [ 85.2484354, 25.5932402 ], [ 85.2297513, 25.6009092 ], [ 85.1886463, 25.6175696 ], [ 85.1428703, 25.6220653 ], [ 85.1484755, 25.6450724 ], [ 85.1070591, 25.6540637 ], [ 85.1002083, 25.6646417 ], [ 85.1076819, 25.6775998 ], [ 85.0874408, 25.6820955 ], [ 85.0983399, 25.6916157 ], [ 85.0690682, 25.7074827 ], [ 85.0447789, 25.6921446 ], [ 85.0161299, 25.7014003 ], [ 84.9965116, 25.7289032 ], [ 84.9955774, 25.7302254 ], [ 84.9376568, 25.7021937 ], [ 84.9027798, 25.7093338 ], [ 84.9030912, 25.7204407 ], [ 84.8775563, 25.7117139 ], [ 84.8644775, 25.7177962 ], [ 84.8492188, 25.7016648 ], [ 84.8489074, 25.6992847 ], [ 84.847039, 25.6791865 ], [ 84.8230611, 25.6728397 ], [ 84.8249295, 25.671253 ], [ 84.8420566, 25.657766 ], [ 84.8239953, 25.6381967 ], [ 84.8215041, 25.6220653 ], [ 84.8311575, 25.6228586 ], [ 84.8183901, 25.6091072 ], [ 84.8196357, 25.5813399 ], [ 84.7719912, 25.5403501 ], [ 84.7551756, 25.5027982 ], [ 84.7545528, 25.5014759 ], [ 84.7788421, 25.448057 ], [ 84.726838, 25.3340789 ], [ 84.7019259, 25.3150385 ], [ 84.7075312, 25.3084272 ], [ 84.7265266, 25.2862134 ], [ 84.7093996, 25.2833045 ], [ 84.7022373, 25.2764288 ], [ 84.6885357, 25.2632063 ], [ 84.6866673, 25.2613551 ], [ 84.6876015, 25.2608262 ], [ 84.6891585, 25.2597684 ], [ 84.6966321, 25.2550083 ], [ 84.7218556, 25.2626774 ], [ 84.7371143, 25.2534216 ], [ 84.7464563, 25.2698175 ], [ 84.7467677, 25.2695531 ], [ 84.7660746, 25.2571239 ], [ 84.7807105, 25.2584461 ], [ 84.7863157, 25.256595 ], [ 84.7891183, 25.2497193 ], [ 84.7881841, 25.2441658 ], [ 84.7747939, 25.23253 ], [ 84.7713684, 25.2309433 ], [ 84.7498817, 25.2370257 ], [ 84.722167, 25.2163986 ], [ 84.7259038, 25.2052916 ], [ 84.7747939, 25.2251254 ], [ 84.8109164, 25.2171919 ], [ 84.840811, 25.2364968 ], [ 84.8573152, 25.2261832 ], [ 84.8635433, 25.2224809 ], [ 84.8672801, 25.2201009 ], [ 84.8682143, 25.2232743 ], [ 84.8744423, 25.2520993 ], [ 84.8909466, 25.2608262 ], [ 84.8934378, 25.261884 ], [ 84.8931264, 25.2809244 ], [ 84.9199069, 25.2941469 ], [ 84.9174157, 25.2761643 ], [ 84.9360998, 25.2690242 ], [ 84.9485558, 25.293618 ], [ 84.981253, 25.2904446 ], [ 84.9958888, 25.3182119 ], [ 85.020801, 25.2825111 ], [ 85.0102133, 25.2645285 ], [ 85.0581691, 25.2891224 ], [ 85.0765418, 25.2732554 ], [ 85.0924233, 25.2880646 ], [ 85.1120416, 25.270082 ], [ 85.1173354, 25.2769577 ], [ 85.1070591, 25.2888579 ], [ 85.1210722, 25.2986426 ], [ 85.1220064, 25.3068405 ], [ 85.126366, 25.3126584 ], [ 85.1606202, 25.3028738 ], [ 85.1665368, 25.3081628 ], [ 85.1740104, 25.3145096 ], [ 85.1817955, 25.3213853 ], [ 85.1824183, 25.3293188 ], [ 85.1849095, 25.3562927 ], [ 85.1864665, 25.3742754 ], [ 85.1817955, 25.378771 ], [ 85.1786815, 25.4020426 ], [ 85.1786815, 25.4023071 ], [ 85.2369135, 25.402836 ], [ 85.2515494, 25.4142073 ], [ 85.252795, 25.3959603 ], [ 85.2789527, 25.4031004 ], [ 85.2973254, 25.392258 ], [ 85.301685, 25.4057449 ], [ 85.3331365, 25.4009848 ], [ 85.344347, 25.4102406 ], [ 85.3599171, 25.4017782 ], [ 85.3733073, 25.4298099 ], [ 85.396351, 25.4324544 ], [ 85.3991536, 25.4329833 ], [ 85.4016448, 25.4588994 ], [ 85.4137895, 25.4620728 ], [ 85.4449296, 25.4385368 ], [ 85.4576971, 25.4443547 ], [ 85.4757584, 25.4356278 ], [ 85.4882144, 25.445148 ], [ 85.4972451, 25.4255787 ], [ 85.5573455, 25.4237276 ], [ 85.5570341, 25.413414 ], [ 85.5750954, 25.4213475 ], [ 85.5729156, 25.3943736 ], [ 85.5850603, 25.3814155 ], [ 85.5859945, 25.3803577 ], [ 85.5934681, 25.3856467 ], [ 85.5990733, 25.3882912 ], [ 85.625231, 25.3779777 ], [ 85.6361301, 25.3613173 ], [ 85.6314591, 25.3488881 ], [ 85.6398669, 25.3525904 ], [ 85.6460949, 25.3367234 ], [ 85.6457835, 25.3346078 ], [ 85.628345, 25.3309055 ], [ 85.6277222, 25.3200631 ], [ 85.6429809, 25.3219142 ], [ 85.6476519, 25.312394 ], [ 85.6482747, 25.3110717 ], [ 85.6513888, 25.3118651 ], [ 85.6563712, 25.3131873 ], [ 85.6576168, 25.3137163 ], [ 85.655437, 25.3327567 ], [ 85.6856429, 25.3433347 ], [ 85.6990332, 25.3634329 ], [ 85.7102436, 25.3515326 ], [ 85.7186515, 25.3607884 ], [ 85.7407609, 25.320592 ], [ 85.7410724, 25.3203275 ], [ 85.7413838, 25.3200631 ], [ 85.803664, 25.3081628 ], [ 85.8086465, 25.2880646 ], [ 85.8653215, 25.2933536 ], [ 85.8637645, 25.2788088 ], [ 85.8880538, 25.2788088 ], [ 85.8911678, 25.2788088 ], [ 85.890545, 25.291238 ], [ 85.9067379, 25.291238 ], [ 85.9064265, 25.2885935 ], [ 85.9107861, 25.2949403 ], [ 85.9322728, 25.2986426 ], [ 85.9310272, 25.3213853 ], [ 86.0197766, 25.2967914 ], [ 86.0412633, 25.3338145 ], [ 86.0428203, 25.3346078 ], [ 86.0574562, 25.3351367 ], [ 86.0680438, 25.3356656 ], [ 86.068978, 25.3356656 ], [ 86.0474913, 25.3914646 ], [ 86.032544, 25.3917291 ], [ 86.0291186, 25.362904 ], [ 86.0132372, 25.3626395 ], [ 86.0042065, 25.3800933 ], [ 85.9568735, 25.4131495 ], [ 85.9397464, 25.4089183 ], [ 85.9076721, 25.4311322 ], [ 85.9005099, 25.4202897 ], [ 85.8877424, 25.421612 ], [ 85.8737293, 25.4393301 ], [ 85.8815144, 25.4734442 ], [ 85.9064265, 25.4591639 ], [ 85.8896108, 25.4990959 ], [ 85.838541, 25.5173429 ], [ 85.8102035, 25.543788 ], [ 85.8098921, 25.5440524 ], [ 85.8002386, 25.5459036 ], [ 85.7821773, 25.549077 ], [ 85.7815545, 25.549077 ], [ 85.7737695, 25.5448458 ], [ 85.7345329, 25.5244831 ], [ 85.7335987, 25.5218386 ], [ 85.7236339, 25.525012 ], [ 85.6794149, 25.4763532 ], [ 85.6775465, 25.4953936 ], [ 85.6473405, 25.4990959 ], [ 85.6548142, 25.4631306 ], [ 85.6510774, 25.4620728 ], [ 85.5956479, 25.4739731 ], [ 85.614332, 25.4840222 ], [ 85.6168232, 25.4853445 ], [ 85.611218, 25.4853445 ], [ 85.5445781, 25.4837578 ], [ 85.5455123, 25.506236 ], [ 85.5333676, 25.5080872 ], [ 85.5286966, 25.5379701 ], [ 85.527451, 25.5382345 ] ] ] } },
{ "type": "Feature", "properties": { "dt_code": "219", "district": "Saran", "st_code": "10", "year": "2011_c", "st_nm": "Bihar" }, "geometry": { "type": "Polygon", "coordinates": [ [ [ 84.7651404, 26.2096737 ], [ 84.7673202, 26.2030625 ], [ 84.7701228, 26.1938067 ], [ 84.7719912, 26.1877244 ], [ 84.7763509, 26.173444 ], [ 84.7607808, 26.1742374 ], [ 84.7501932, 26.1385366 ], [ 84.717496, 26.1287519 ], [ 84.7041057, 26.0808864 ], [ 84.6745226, 26.0819442 ], [ 84.6689174, 26.0697795 ], [ 84.6222072, 26.0782419 ], [ 84.6116195, 26.0912 ], [ 84.6085055, 26.0708373 ], [ 84.5870188, 26.0748041 ], [ 84.5658435, 26.0309053 ], [ 84.40952, 26.033021 ], [ 84.4051604, 26.0150383 ], [ 84.4247787, 26.0131872 ], [ 84.4266471, 25.995469 ], [ 84.4503136, 25.9922956 ], [ 84.4338093, 25.9605616 ], [ 84.4593443, 25.9460168 ], [ 84.4584101, 25.88916 ], [ 84.4724231, 25.8817554 ], [ 84.4895502, 25.8883667 ], [ 84.5110369, 25.8714418 ], [ 84.5340806, 25.8762019 ], [ 84.543734, 25.8590127 ], [ 84.5231815, 25.8600705 ], [ 84.5306552, 25.8317743 ], [ 84.5484051, 25.8286009 ], [ 84.5508963, 25.8407656 ], [ 84.6246984, 25.7918423 ], [ 84.6234528, 25.7709507 ], [ 84.6134879, 25.7759753 ], [ 84.6029003, 25.7619594 ], [ 84.6293694, 25.7431835 ], [ 84.6346632, 25.7278454 ], [ 84.6000977, 25.7320766 ], [ 84.5997863, 25.7320766 ], [ 84.5994749, 25.7296965 ], [ 84.6287466, 25.721763 ], [ 84.6225186, 25.7156806 ], [ 84.6327948, 25.7080116 ], [ 84.7477019, 25.7122428 ], [ 84.8078024, 25.68712 ], [ 84.8215041, 25.6921446 ], [ 84.8087366, 25.7011359 ], [ 84.8395653, 25.6937313 ], [ 84.845482, 25.6995492 ], [ 84.8489074, 25.6992847 ], [ 84.8492188, 25.7016648 ], [ 84.8644775, 25.7177962 ], [ 84.8775563, 25.7117139 ], [ 84.9030912, 25.7204407 ], [ 84.9027798, 25.7093338 ], [ 84.9376568, 25.7021937 ], [ 84.9955774, 25.7302254 ], [ 84.9965116, 25.7289032 ], [ 85.0161299, 25.7014003 ], [ 85.0447789, 25.6921446 ], [ 85.0690682, 25.7074827 ], [ 85.0983399, 25.6916157 ], [ 85.0874408, 25.6820955 ], [ 85.1076819, 25.6775998 ], [ 85.1002083, 25.6646417 ], [ 85.1070591, 25.6540637 ], [ 85.1484755, 25.6450724 ], [ 85.1428703, 25.6220653 ], [ 85.1886463, 25.6175696 ], [ 85.2297513, 25.6009092 ], [ 85.2406503, 25.6220653 ], [ 85.2029708, 25.6493036 ], [ 85.1926945, 25.6701952 ], [ 85.1646684, 25.8383856 ], [ 85.1148442, 25.8677395 ], [ 85.1148442, 25.8949779 ], [ 85.0780988, 25.9322654 ], [ 85.074362, 25.9671728 ], [ 85.0690682, 25.9748419 ], [ 85.0572349, 25.9917667 ], [ 84.9927748, 26.0102782 ], [ 84.9884152, 26.0108071 ], [ 84.9659943, 25.9962624 ], [ 84.9367226, 26.0245585 ], [ 84.932363, 26.0412189 ], [ 84.951047, 26.0570859 ], [ 84.9485558, 26.0787708 ], [ 84.9407708, 26.0798286 ], [ 84.9547839, 26.085911 ], [ 84.9426392, 26.0853821 ], [ 84.9164815, 26.1234629 ], [ 84.9158587, 26.1242563 ], [ 84.9242665, 26.1636594 ], [ 84.8987316, 26.2125827 ], [ 84.8977974, 26.2144338 ], [ 84.8619862, 26.2210451 ], [ 84.7891183, 26.2041203 ], [ 84.7716798, 26.2115249 ], [ 84.7635834, 26.2149627 ], [ 84.7651404, 26.2096737 ] ] ] } },
{ "type": "Feature", "properties": { "dt_code": "218", "district": "Siwan", "st_code": "10", "year": "2011_c", "st_nm": "Bihar" }, "geometry": { "type": "Polygon", "coordinates": [ [ [ 84.1572849, 26.3757485 ], [ 84.1769032, 26.3707239 ], [ 84.172855, 26.3334364 ], [ 84.1862452, 26.3130738 ], [ 84.1747234, 26.2924467 ], [ 84.1769032, 26.2649438 ], [ 84.1616445, 26.2570103 ], [ 84.1663156, 26.2411433 ], [ 84.1510569, 26.2578037 ], [ 84.1217852, 26.258597 ], [ 84.1174255, 26.2400855 ], [ 84.0912678, 26.2337387 ], [ 84.0865968, 26.218665 ], [ 84.0227595, 26.2377055 ], [ 84.0127947, 26.2326809 ], [ 84.0124833, 26.232152 ], [ 84.0205797, 26.2255407 ], [ 84.0311674, 26.2173428 ], [ 84.0311674, 26.2170783 ], [ 84.0302332, 26.2107315 ], [ 84.0286761, 26.1990957 ], [ 84.0286761, 26.1980379 ], [ 84.0106149, 26.18984 ], [ 84.0090579, 26.181642 ], [ 84.0090579, 26.178733 ], [ 84.0336586, 26.160486 ], [ 84.0274305, 26.1425034 ], [ 84.0498514, 26.1300742 ], [ 84.0501628, 26.1298097 ], [ 84.0504742, 26.1269008 ], [ 84.0560795, 26.1001913 ], [ 84.1040353, 26.0927867 ], [ 84.1725436, 26.0245585 ], [ 84.1700524, 25.9878 ], [ 84.175969, 25.9965268 ], [ 84.1962101, 25.9878 ], [ 84.2071091, 25.9999647 ], [ 84.2967927, 25.9452235 ], [ 84.3540906, 25.9587104 ], [ 84.4120112, 25.9306787 ], [ 84.4275813, 25.8912756 ], [ 84.4724231, 25.8817554 ], [ 84.4584101, 25.88916 ], [ 84.4593443, 25.9460168 ], [ 84.4338093, 25.9605616 ], [ 84.4503136, 25.9922956 ], [ 84.4266471, 25.995469 ], [ 84.4247787, 26.0131872 ], [ 84.4051604, 26.0150383 ], [ 84.40952, 26.033021 ], [ 84.5658435, 26.0309053 ], [ 84.5870188, 26.0748041 ], [ 84.6085055, 26.0708373 ], [ 84.6116195, 26.0912 ], [ 84.6222072, 26.0782419 ], [ 84.6689174, 26.0697795 ], [ 84.6745226, 26.0819442 ], [ 84.7041057, 26.0808864 ], [ 84.717496, 26.1287519 ], [ 84.7501932, 26.1385366 ], [ 84.7607808, 26.1742374 ], [ 84.7763509, 26.173444 ], [ 84.7719912, 26.1877244 ], [ 84.7701228, 26.1938067 ], [ 84.7673202, 26.2030625 ], [ 84.7651404, 26.2096737 ], [ 84.7610922, 26.2088804 ], [ 84.7520616, 26.2271274 ], [ 84.7327547, 26.2263341 ], [ 84.7131364, 26.2416722 ], [ 84.6798164, 26.2408789 ], [ 84.6872901, 26.2675883 ], [ 84.6521017, 26.2718195 ], [ 84.6539701, 26.2990579 ], [ 84.6072599, 26.303818 ], [ 84.5758084, 26.324974 ], [ 84.5568129, 26.3138671 ], [ 84.5524533, 26.2977357 ], [ 84.5387516, 26.3019669 ], [ 84.5490279, 26.3255029 ], [ 84.5188219, 26.3392543 ], [ 84.4817652, 26.335552 ], [ 84.452182, 26.3485101 ], [ 84.4574759, 26.3680794 ], [ 84.4282041, 26.3744262 ], [ 84.3628098, 26.3686083 ], [ 84.3578274, 26.3017024 ], [ 84.3378977, 26.306727 ], [ 84.3372749, 26.3233873 ], [ 84.3213934, 26.3321142 ], [ 84.3213934, 26.3318497 ], [ 84.321082, 26.3321142 ], [ 84.2933673, 26.3180983 ], [ 84.2812227, 26.3175694 ], [ 84.2774859, 26.3101648 ], [ 84.273749, 26.3080492 ], [ 84.2668982, 26.3104293 ], [ 84.2127144, 26.3360809 ], [ 84.2136486, 26.3527413 ], [ 84.1756576, 26.3733684 ], [ 84.1572849, 26.3757485 ] ] ] } },
{ "type": "Feature", "properties": { "dt_code": "216", "district": "Muzaffarpur", "st_code": "10", "year": "2011_c", "st_nm": "Bihar" }, "geometry": { "type": "Polygon", "coordinates": [ [ [ 85.2876719, 26.3527413 ], [ 85.2817553, 26.3442789 ], [ 85.2814439, 26.349039 ], [ 85.2808211, 26.3487746 ], [ 85.2540406, 26.3500968 ], [ 85.2406503, 26.3691372 ], [ 85.2244575, 26.3659638 ], [ 85.2216548, 26.3516835 ], [ 85.2219662, 26.3500968 ], [ 85.2739703, 26.3350231 ], [ 85.2565318, 26.3265607 ], [ 85.2608914, 26.2987935 ], [ 85.2362907, 26.2995868 ], [ 85.2313083, 26.3085781 ], [ 85.2035936, 26.2876865 ], [ 85.200791, 26.2853065 ], [ 85.2067076, 26.3027602 ], [ 85.2001681, 26.29324 ], [ 85.1880235, 26.3011735 ], [ 85.1877121, 26.301438 ], [ 85.2020366, 26.3048758 ], [ 85.2026594, 26.3199495 ], [ 85.1939401, 26.3133382 ], [ 85.1926945, 26.3294697 ], [ 85.1905147, 26.3122804 ], [ 85.1805499, 26.3207428 ], [ 85.1874007, 26.3276185 ], [ 85.1799271, 26.3408411 ], [ 85.1584404, 26.3170405 ], [ 85.1422475, 26.3231229 ], [ 85.1301028, 26.312016 ], [ 85.0662656, 26.3344942 ], [ 85.0450903, 26.3421633 ], [ 85.0220466, 26.3188917 ], [ 85.0005599, 26.3326431 ], [ 84.9800074, 26.3231229 ], [ 84.902157, 26.3260318 ], [ 84.8688371, 26.2567459 ], [ 84.8651003, 26.2599193 ], [ 84.8847185, 26.2342676 ], [ 84.9065166, 26.2406144 ], [ 84.8977974, 26.2144338 ], [ 84.8987316, 26.2125827 ], [ 84.9242665, 26.1636594 ], [ 84.9158587, 26.1242563 ], [ 84.9164815, 26.1234629 ], [ 84.9426392, 26.0853821 ], [ 84.9547839, 26.085911 ], [ 84.9407708, 26.0798286 ], [ 84.9485558, 26.0787708 ], [ 84.951047, 26.0570859 ], [ 84.932363, 26.0412189 ], [ 84.9367226, 26.0245585 ], [ 84.9659943, 25.9962624 ], [ 84.9884152, 26.0108071 ], [ 84.9927748, 26.0102782 ], [ 85.0572349, 25.9917667 ], [ 85.0690682, 25.9748419 ], [ 85.0740506, 25.9756352 ], [ 85.079033, 25.9708751 ], [ 85.1048793, 25.9814532 ], [ 85.1058135, 25.9817176 ], [ 85.1067477, 25.9822465 ], [ 85.1048793, 25.9986424 ], [ 85.1494097, 25.9965268 ], [ 85.1749446, 26.0110716 ], [ 85.2341109, 25.9970557 ], [ 85.2471898, 26.0118649 ], [ 85.2714791, 26.0134516 ], [ 85.2935886, 25.9981135 ], [ 85.2836237, 25.9550081 ], [ 85.2939, 25.9468102 ], [ 85.3337593, 25.9547437 ], [ 85.3876318, 25.9309432 ], [ 85.4091185, 25.944959 ], [ 85.4461752, 25.9240674 ], [ 85.4689075, 25.9267119 ], [ 85.4689075, 25.934381 ], [ 85.5093897, 25.9039692 ], [ 85.533679, 25.9224807 ], [ 85.5567227, 25.9095227 ], [ 85.5660648, 25.9259186 ], [ 85.626788, 25.9227452 ], [ 85.6451607, 25.9161339 ], [ 85.6436037, 25.9404634 ], [ 85.6330161, 25.9547437 ], [ 85.6376871, 25.9716685 ], [ 85.6404897, 25.9764286 ], [ 85.6398669, 25.9790731 ], [ 85.6364415, 25.9938823 ], [ 85.6345731, 26.0023447 ], [ 85.6482747, 26.0031381 ], [ 85.6660246, 26.0282608 ], [ 85.6825289, 26.0277319 ], [ 85.6918709, 26.0478302 ], [ 85.7024586, 26.0465079 ], [ 85.708998, 26.0771841 ], [ 85.7114892, 26.0882911 ], [ 85.715226, 26.1049514 ], [ 85.7155374, 26.107067 ], [ 85.7342215, 26.1075959 ], [ 85.7279935, 26.125843 ], [ 85.753217, 26.1292808 ], [ 85.7644275, 26.1425034 ], [ 85.7211427, 26.1641883 ], [ 85.7251909, 26.2012113 ], [ 85.696542, 26.2260696 ], [ 85.7170944, 26.2474901 ], [ 85.7164716, 26.2477546 ], [ 85.7009016, 26.2543658 ], [ 85.6959191, 26.2564814 ], [ 85.6984104, 26.2588615 ], [ 85.7170944, 26.2718195 ], [ 85.716783, 26.2747285 ], [ 85.7164716, 26.2779019 ], [ 85.7158488, 26.2924467 ], [ 85.7046384, 26.3030247 ], [ 85.7021472, 26.3054047 ], [ 85.6868885, 26.3202139 ], [ 85.6840859, 26.3188917 ], [ 85.6719412, 26.3128093 ], [ 85.6492089, 26.322594 ], [ 85.6317705, 26.317305 ], [ 85.6333275, 26.3329075 ], [ 85.6115294, 26.3334364 ], [ 85.6115294, 26.3495679 ], [ 85.5754068, 26.3619971 ], [ 85.5797664, 26.3932022 ], [ 85.5788322, 26.3926733 ], [ 85.5452009, 26.3696661 ], [ 85.5044073, 26.380773 ], [ 85.5012933, 26.3622615 ], [ 85.4661049, 26.3326431 ], [ 85.4661049, 26.3323786 ], [ 85.4614339, 26.3011735 ], [ 85.4387016, 26.2710262 ], [ 85.4399472, 26.2794886 ], [ 85.4408814, 26.2834553 ], [ 85.44057, 26.2831909 ], [ 85.4315394, 26.2784308 ], [ 85.4203289, 26.2723484 ], [ 85.4221973, 26.2784308 ], [ 85.4271798, 26.2919178 ], [ 85.4262456, 26.29086 ], [ 85.4116097, 26.2715551 ], [ 85.4112983, 26.2726129 ], [ 85.4091185, 26.2831909 ], [ 85.4069387, 26.2916533 ], [ 85.4069387, 26.2929756 ], [ 85.3941712, 26.2810753 ], [ 85.393237, 26.2821331 ], [ 85.3944826, 26.287951 ], [ 85.3991536, 26.3054047 ], [ 85.4147237, 26.3030247 ], [ 85.4094299, 26.3183628 ], [ 85.3969738, 26.3101648 ], [ 85.3826494, 26.3244451 ], [ 85.393237, 26.3069914 ], [ 85.3754871, 26.3133382 ], [ 85.3733073, 26.3337009 ], [ 85.3757985, 26.3371387 ], [ 85.3620969, 26.3463945 ], [ 85.352132, 26.3360809 ], [ 85.3480838, 26.3456012 ], [ 85.3353163, 26.3434856 ], [ 85.3346935, 26.3434856 ], [ 85.3340707, 26.3273541 ], [ 85.3306453, 26.3379321 ], [ 85.3269085, 26.3500968 ], [ 85.3265971, 26.3498324 ], [ 85.2991938, 26.3440145 ], [ 85.2895403, 26.3537991 ], [ 85.2879833, 26.3530058 ], [ 85.2876719, 26.3527413 ] ] ] } },
{ "type": "Feature", "properties": { "dt_code": "213", "district": "Madhepura", "st_code": "10", "year": "2011_c", "st_nm": "Bihar" }, "geometry": { "type": "Polygon", "coordinates": [ [ [ 86.8225694, 25.4446191 ], [ 86.8266176, 25.4554616 ], [ 86.826929, 25.4575772 ], [ 86.8275518, 25.4573127 ], [ 86.8533981, 25.4530815 ], [ 86.9013539, 25.4782043 ], [ 86.9141214, 25.4731798 ], [ 86.9088275, 25.4898401 ], [ 86.9206608, 25.493278 ], [ 86.9256432, 25.4840222 ], [ 86.92938, 25.4922202 ], [ 86.9427703, 25.4893112 ], [ 86.9331168, 25.4816422 ], [ 86.9536693, 25.479791 ], [ 86.9698622, 25.4620728 ], [ 86.97827, 25.4760887 ], [ 87.0031822, 25.4705353 ], [ 87.0165724, 25.4805844 ], [ 87.0190636, 25.4620728 ], [ 87.0433529, 25.4729153 ], [ 87.0670194, 25.4700064 ], [ 87.0941114, 25.5096739 ], [ 87.100028, 25.5191941 ], [ 87.100028, 25.5199875 ], [ 87.0523836, 25.5268632 ], [ 87.0579888, 25.5805466 ], [ 87.0405503, 25.5990581 ], [ 87.0439757, 25.6268254 ], [ 87.0259145, 25.6548571 ], [ 87.048024, 25.6947891 ], [ 87.0081646, 25.7445057 ], [ 87.0081646, 25.745828 ], [ 87.0187522, 25.8206674 ], [ 87.0330767, 25.8206674 ], [ 87.0421073, 25.8476413 ], [ 87.0231118, 25.8724996 ], [ 87.0312083, 25.8904823 ], [ 87.0203092, 25.9010603 ], [ 87.006919, 25.8970935 ], [ 86.9897919, 25.9454879 ], [ 87.0150154, 25.9446946 ], [ 87.0268487, 25.9565948 ], [ 87.0554976, 25.9473391 ], [ 87.0626598, 25.9632061 ], [ 87.0629712, 25.9634705 ], [ 87.0794755, 25.9645283 ], [ 87.0797869, 25.9645283 ], [ 87.0816553, 25.9687595 ], [ 87.0632826, 25.979602 ], [ 87.063594, 25.9986424 ], [ 87.0863263, 25.9922956 ], [ 87.0962912, 26.0322276 ], [ 87.1218261, 26.0282608 ], [ 87.1255629, 26.0391033 ], [ 87.1208919, 26.0420123 ], [ 87.0934886, 26.0592015 ], [ 87.1056332, 26.0496813 ], [ 87.0648396, 26.0525903 ], [ 87.0411731, 26.0544414 ], [ 87.0112786, 26.0703084 ], [ 86.9994453, 26.0621105 ], [ 86.9518009, 26.0822087 ], [ 86.8499727, 26.0954312 ], [ 86.8468587, 26.0956957 ], [ 86.8328456, 26.1073315 ], [ 86.8287974, 26.1073315 ], [ 86.7883152, 26.0893489 ], [ 86.7512584, 26.1150005 ], [ 86.7363112, 26.0970179 ], [ 86.7207411, 26.0697795 ], [ 86.706728, 26.0621105 ], [ 86.6933378, 26.0213851 ], [ 86.645382, 26.0184762 ], [ 86.6450706, 26.0182117 ], [ 86.6242067, 26.0026092 ], [ 86.6229611, 25.9989069 ], [ 86.6161102, 25.9769575 ], [ 86.6357285, 25.9687595 ], [ 86.6198471, 25.9452235 ], [ 86.6201585, 25.9446946 ], [ 86.6488074, 25.9211585 ], [ 86.6917808, 25.9333232 ], [ 86.6924036, 25.9330588 ], [ 86.6867984, 25.9206296 ], [ 86.6936492, 25.9047626 ], [ 86.7076622, 25.9034403 ], [ 86.7126447, 25.8656239 ], [ 86.7528154, 25.8555748 ], [ 86.7939204, 25.8603349 ], [ 86.8085563, 25.8724996 ], [ 86.8434332, 25.8709129 ], [ 86.8580691, 25.8296587 ], [ 86.874262, 25.8159073 ], [ 86.8558893, 25.8127339 ], [ 86.8630515, 25.7878756 ], [ 86.8477929, 25.7550837 ], [ 86.8562007, 25.7450346 ], [ 86.8431218, 25.7426546 ], [ 86.8434332, 25.7341922 ], [ 86.8717708, 25.7222919 ], [ 86.8558893, 25.695318 ], [ 86.8590033, 25.6744264 ], [ 86.8449903, 25.6802443 ], [ 86.8001485, 25.6567082 ], [ 86.8066879, 25.6405768 ], [ 86.7976572, 25.6352878 ], [ 86.8038853, 25.6374034 ], [ 86.8219466, 25.6175696 ], [ 86.8384508, 25.6175696 ], [ 86.8387622, 25.5831911 ], [ 86.8505955, 25.5779021 ], [ 86.8400078, 25.5525148 ], [ 86.8446789, 25.5289788 ], [ 86.8266176, 25.5014759 ], [ 86.8306658, 25.4811133 ], [ 86.8101133, 25.4705353 ], [ 86.8113589, 25.4694775 ], [ 86.8122931, 25.4681552 ], [ 86.8154071, 25.4652462 ], [ 86.8107361, 25.4575772 ], [ 86.8116703, 25.4565194 ], [ 86.8110475, 25.4562549 ], [ 86.822258, 25.4432969 ], [ 86.8225694, 25.4446191 ] ] ] } },
{ "type": "Feature", "properties": { "dt_code": "209", "district": "Araria", "st_code": "10", "year": "2011_c", "st_nm": "Bihar" }, "geometry": { "type": "Polygon", "coordinates": [ [ [ 87.0797869, 25.9645283 ], [ 87.1075016, 25.9658506 ], [ 87.1087472, 25.9647928 ], [ 87.1274313, 25.9494547 ], [ 87.1373962, 25.9552726 ], [ 87.1647995, 25.9431079 ], [ 87.2083957, 25.9589749 ], [ 87.2127553, 25.9565948 ], [ 87.232685, 25.944959 ], [ 87.2354876, 25.9621483 ], [ 87.2716101, 25.9856844 ], [ 87.275347, 25.9843621 ], [ 87.2797066, 25.9827754 ], [ 87.2818864, 25.9817176 ], [ 87.2890486, 25.9581815 ], [ 87.3086669, 25.979602 ], [ 87.3497719, 25.9822465 ], [ 87.3921225, 25.9558015 ], [ 87.3871401, 25.963735 ], [ 87.3995961, 25.9626772 ], [ 87.4030215, 25.9875355 ], [ 87.4136092, 25.9912378 ], [ 87.4148548, 25.9917667 ], [ 87.4699728, 25.9891222 ], [ 87.4861657, 25.9774864 ], [ 87.5070296, 25.9893867 ], [ 87.5185514, 25.9737841 ], [ 87.63377, 26.016625 ], [ 87.6356384, 26.0335499 ], [ 87.6228709, 26.0470368 ], [ 87.6244279, 26.0480946 ], [ 87.6440462, 26.0655483 ], [ 87.635327, 26.0729529 ], [ 87.638441, 26.0740107 ], [ 87.643112, 26.075333 ], [ 87.6611733, 26.080622 ], [ 87.6689583, 26.0750685 ], [ 87.6761205, 26.0750685 ], [ 87.679546, 26.0800931 ], [ 87.6835942, 26.0970179 ], [ 87.6804802, 26.1001913 ], [ 87.6848398, 26.1023069 ], [ 87.6848398, 26.1025714 ], [ 87.6948046, 26.1451479 ], [ 87.6863968, 26.157577 ], [ 87.7057037, 26.1615438 ], [ 87.6870196, 26.1782041 ], [ 87.7035239, 26.1895755 ], [ 87.7025897, 26.1927489 ], [ 87.7010327, 26.1980379 ], [ 87.69823, 26.2083515 ], [ 87.687331, 26.2194584 ], [ 87.6742521, 26.2395566 ], [ 87.6758091, 26.2464323 ], [ 87.6642873, 26.2554236 ], [ 87.6711381, 26.2630927 ], [ 87.6739407, 26.2662661 ], [ 87.6593049, 26.2712906 ], [ 87.6652215, 26.2982646 ], [ 87.6652215, 26.298529 ], [ 87.6281647, 26.3175694 ], [ 87.6110377, 26.3458656 ], [ 87.6247393, 26.3450723 ], [ 87.6406208, 26.3646416 ], [ 87.636884, 26.3791863 ], [ 87.6583707, 26.3797152 ], [ 87.6512084, 26.3934667 ], [ 87.5883054, 26.3815664 ], [ 87.5472004, 26.4180605 ], [ 87.4637448, 26.4402743 ], [ 87.3681446, 26.4080114 ], [ 87.3556885, 26.3887065 ], [ 87.3572455, 26.3612037 ], [ 87.3401185, 26.3477168 ], [ 87.3117809, 26.3717817 ], [ 87.2653821, 26.3736329 ], [ 87.2650707, 26.4058958 ], [ 87.2563515, 26.4106559 ], [ 87.2286368, 26.4143582 ], [ 87.2183605, 26.4045736 ], [ 87.2111983, 26.4138293 ], [ 87.1844178, 26.4143582 ], [ 87.1881546, 26.4061603 ], [ 87.1623083, 26.4045736 ], [ 87.0909973, 26.4508524 ], [ 87.0707563, 26.5865153 ], [ 87.0424187, 26.5875731 ], [ 87.0374363, 26.5611281 ], [ 87.0424187, 26.5595414 ], [ 87.065151, 26.5521368 ], [ 87.0598572, 26.5129982 ], [ 87.0486468, 26.5074447 ], [ 87.0611028, 26.4839086 ], [ 87.0470898, 26.4791485 ], [ 87.0713791, 26.4622237 ], [ 87.0726247, 26.4378943 ], [ 87.0598572, 26.434192 ], [ 87.0800983, 26.4043091 ], [ 87.0592344, 26.4088048 ], [ 87.0782299, 26.3802441 ], [ 87.0772957, 26.3664927 ], [ 87.0663966, 26.3614682 ], [ 87.0760501, 26.3360809 ], [ 87.0533178, 26.3347587 ], [ 87.0442871, 26.3165116 ], [ 87.0551862, 26.2974712 ], [ 87.0772957, 26.2940334 ], [ 87.0710677, 26.2400855 ], [ 87.0857035, 26.2265985 ], [ 87.0800983, 26.2173428 ], [ 87.0997166, 26.202798 ], [ 87.0869491, 26.181642 ], [ 87.1174665, 26.1784686 ], [ 87.103142, 26.1559903 ], [ 87.1084358, 26.1327187 ], [ 87.0916201, 26.131132 ], [ 87.0950456, 26.1163228 ], [ 87.0723133, 26.1025714 ], [ 87.0713791, 26.1020425 ], [ 87.1190235, 26.0904067 ], [ 87.1190235, 26.0761263 ], [ 87.0934886, 26.0592015 ], [ 87.1208919, 26.0420123 ], [ 87.1255629, 26.0391033 ], [ 87.1218261, 26.0282608 ], [ 87.0962912, 26.0322276 ], [ 87.0863263, 25.9922956 ], [ 87.063594, 25.9986424 ], [ 87.0632826, 25.979602 ], [ 87.0816553, 25.9687595 ], [ 87.0797869, 25.9645283 ] ] ] } },
{ "type": "Feature", "properties": { "dt_code": "208", "district": "Supaul", "st_code": "10", "year": "2011_c", "st_nm": "Bihar" }, "geometry": { "type": "Polygon", "coordinates": [ [ [ 86.6450706, 26.0182117 ], [ 86.645382, 26.0184762 ], [ 86.6933378, 26.0213851 ], [ 86.706728, 26.0621105 ], [ 86.7207411, 26.0697795 ], [ 86.7363112, 26.0970179 ], [ 86.7512584, 26.1150005 ], [ 86.7883152, 26.0893489 ], [ 86.8287974, 26.1073315 ], [ 86.8328456, 26.1073315 ], [ 86.8468587, 26.0956957 ], [ 86.8499727, 26.0954312 ], [ 86.9518009, 26.0822087 ], [ 86.9994453, 26.0621105 ], [ 87.0112786, 26.0703084 ], [ 87.0411731, 26.0544414 ], [ 87.0648396, 26.0525903 ], [ 87.1056332, 26.0496813 ], [ 87.0934886, 26.0592015 ], [ 87.1190235, 26.0761263 ], [ 87.1190235, 26.0904067 ], [ 87.0713791, 26.1020425 ], [ 87.0723133, 26.1025714 ], [ 87.0950456, 26.1163228 ], [ 87.0916201, 26.131132 ], [ 87.1084358, 26.1327187 ], [ 87.103142, 26.1559903 ], [ 87.1174665, 26.1784686 ], [ 87.0869491, 26.181642 ], [ 87.0997166, 26.202798 ], [ 87.0800983, 26.2173428 ], [ 87.0857035, 26.2265985 ], [ 87.0710677, 26.2400855 ], [ 87.0772957, 26.2940334 ], [ 87.0551862, 26.2974712 ], [ 87.0442871, 26.3165116 ], [ 87.0533178, 26.3347587 ], [ 87.0760501, 26.3360809 ], [ 87.0663966, 26.3614682 ], [ 87.0772957, 26.3664927 ], [ 87.0782299, 26.3802441 ], [ 87.0592344, 26.4088048 ], [ 87.0800983, 26.4043091 ], [ 87.0598572, 26.434192 ], [ 87.0726247, 26.4378943 ], [ 87.0713791, 26.4622237 ], [ 87.0470898, 26.4791485 ], [ 87.0611028, 26.4839086 ], [ 87.0486468, 26.5074447 ], [ 87.0598572, 26.5129982 ], [ 87.065151, 26.5521368 ], [ 87.0424187, 26.5595414 ], [ 87.0156382, 26.5312452 ], [ 86.9334282, 26.5153782 ], [ 86.92938, 26.4897265 ], [ 86.8932575, 26.4878754 ], [ 86.8938803, 26.4616948 ], [ 86.8608717, 26.4574636 ], [ 86.8465473, 26.441861 ], [ 86.7662057, 26.4587859 ], [ 86.7465874, 26.4286385 ], [ 86.7232323, 26.425994 ], [ 86.7232323, 26.4257296 ], [ 86.7241665, 26.4228206 ], [ 86.7188727, 26.4133004 ], [ 86.7079736, 26.3802441 ], [ 86.7092192, 26.3781285 ], [ 86.7042368, 26.3694017 ], [ 86.703614, 26.367815 ], [ 86.703614, 26.367815 ], [ 86.6553468, 26.3662283 ], [ 86.6323031, 26.3329075 ], [ 86.5992946, 26.3426922 ], [ 86.561615, 26.3051403 ], [ 86.5354573, 26.3030247 ], [ 86.523624, 26.2776374 ], [ 86.5068084, 26.272084 ], [ 86.5055627, 26.2556881 ], [ 86.5217556, 26.2551592 ], [ 86.5217556, 26.2551592 ], [ 86.5214442, 26.2548947 ], [ 86.5155276, 26.2205162 ], [ 86.5149048, 26.2181361 ], [ 86.4968435, 26.2160205 ], [ 86.463835, 26.2123182 ], [ 86.4582297, 26.2115249 ], [ 86.4566727, 26.2131116 ], [ 86.4460851, 26.2236896 ], [ 86.4308264, 26.1938067 ], [ 86.4049801, 26.2022691 ], [ 86.4127651, 26.1871955 ], [ 86.4046687, 26.1697417 ], [ 86.4202388, 26.1694773 ], [ 86.4224186, 26.1581059 ], [ 86.4348746, 26.1567837 ], [ 86.4333176, 26.1647172 ], [ 86.4364316, 26.1562548 ], [ 86.4507561, 26.157577 ], [ 86.4572955, 26.1705351 ], [ 86.474734, 26.1464701 ], [ 86.5092996, 26.1565192 ], [ 86.5121022, 26.1660394 ], [ 86.5385713, 26.1485857 ], [ 86.5398169, 26.1477924 ], [ 86.5145934, 26.1171161 ], [ 86.4943523, 26.1255785 ], [ 86.4709972, 26.1192317 ], [ 86.4647692, 26.1025714 ], [ 86.4548043, 26.0972824 ], [ 86.4373658, 26.0742752 ], [ 86.4370544, 26.0726885 ], [ 86.436743, 26.0718951 ], [ 86.4376772, 26.0716307 ], [ 86.4657034, 26.070044 ], [ 86.4663262, 26.0695151 ], [ 86.4666376, 26.0689862 ], [ 86.4691288, 26.0531192 ], [ 86.4850103, 26.0480946 ], [ 86.5170846, 26.0568215 ], [ 86.4990233, 26.0216496 ], [ 86.5310977, 25.9912378 ], [ 86.560058, 26.0269386 ], [ 86.6139304, 26.0163606 ], [ 86.6450706, 26.0182117 ] ] ] } },
{ "type": "Feature", "properties": { "dt_code": "207", "district": "Madhubani", "st_code": "10", "year": "2011_c", "st_nm": "Bihar" }, "geometry": { "type": "Polygon", "coordinates": [ [ [ 85.7666073, 26.4360431 ], [ 85.7690985, 26.4363076 ], [ 85.7597564, 26.3998135 ], [ 85.8204797, 26.4088048 ], [ 85.8217253, 26.3873843 ], [ 85.8232823, 26.3871198 ], [ 85.8257735, 26.3863265 ], [ 85.8391638, 26.3818308 ], [ 85.8394752, 26.3815664 ], [ 85.8192341, 26.3728395 ], [ 85.83387, 26.3588237 ], [ 85.8341814, 26.3588237 ], [ 85.8220367, 26.3456012 ], [ 85.8211025, 26.3445434 ], [ 85.836984, 26.3395188 ], [ 85.8366726, 26.3352876 ], [ 85.8348042, 26.3273541 ], [ 85.8226595, 26.3294697 ], [ 85.8176771, 26.3027602 ], [ 85.8161201, 26.2940334 ], [ 85.8304445, 26.2853065 ], [ 85.8366726, 26.2818686 ], [ 85.840098, 26.2794886 ], [ 85.8824486, 26.2741996 ], [ 85.8899222, 26.2760507 ], [ 85.9195053, 26.2839842 ], [ 85.9195053, 26.309107 ], [ 85.9618559, 26.3056692 ], [ 85.978983, 26.3231229 ], [ 85.9914391, 26.3215362 ], [ 86.0129258, 26.3024958 ], [ 85.9989127, 26.2866287 ], [ 86.0014039, 26.2636216 ], [ 86.0144828, 26.2593904 ], [ 86.0141714, 26.2466968 ], [ 86.0440659, 26.2350609 ], [ 86.0431317, 26.2329453 ], [ 86.0288072, 26.1993602 ], [ 86.0269388, 26.1953934 ], [ 86.0284958, 26.1948645 ], [ 86.0337897, 26.1935423 ], [ 86.0446887, 26.1906333 ], [ 86.0471799, 26.1924845 ], [ 86.0562105, 26.1993602 ], [ 86.0664868, 26.2070292 ], [ 86.0748946, 26.213376 ], [ 86.1097716, 26.19222 ], [ 86.1231618, 26.2184006 ], [ 86.149631, 26.2353254 ], [ 86.1932272, 26.2205162 ], [ 86.19385, 26.2202517 ], [ 86.1944728, 26.2202517 ], [ 86.2025692, 26.2207806 ], [ 86.2464768, 26.2236896 ], [ 86.2511478, 26.2213095 ], [ 86.2449198, 26.195129 ], [ 86.2692091, 26.1834931 ], [ 86.2797967, 26.1784686 ], [ 86.2919414, 26.1729151 ], [ 86.3152965, 26.1620727 ], [ 86.3293096, 26.1554614 ], [ 86.3302438, 26.1541392 ], [ 86.334292, 26.146999 ], [ 86.3233929, 26.1231985 ], [ 86.3305552, 26.0917289 ], [ 86.3585813, 26.0771841 ], [ 86.387853, 26.0338143 ], [ 86.3884758, 26.0338143 ], [ 86.3965723, 26.0343432 ], [ 86.4080941, 26.0351366 ], [ 86.4308264, 26.0536481 ], [ 86.436743, 26.0718951 ], [ 86.4370544, 26.0726885 ], [ 86.4373658, 26.0742752 ], [ 86.4548043, 26.0972824 ], [ 86.4647692, 26.1025714 ], [ 86.4709972, 26.1192317 ], [ 86.4943523, 26.1255785 ], [ 86.5145934, 26.1171161 ], [ 86.5398169, 26.1477924 ], [ 86.5385713, 26.1485857 ], [ 86.5121022, 26.1660394 ], [ 86.5092996, 26.1565192 ], [ 86.474734, 26.1464701 ], [ 86.4572955, 26.1705351 ], [ 86.4507561, 26.157577 ], [ 86.4364316, 26.1562548 ], [ 86.4333176, 26.1647172 ], [ 86.4348746, 26.1567837 ], [ 86.4224186, 26.1581059 ], [ 86.4202388, 26.1694773 ], [ 86.4046687, 26.1697417 ], [ 86.4127651, 26.1871955 ], [ 86.4049801, 26.2022691 ], [ 86.4308264, 26.1938067 ], [ 86.4460851, 26.2236896 ], [ 86.4566727, 26.2131116 ], [ 86.4582297, 26.2115249 ], [ 86.463835, 26.2123182 ], [ 86.4968435, 26.2160205 ], [ 86.5149048, 26.2181361 ], [ 86.5155276, 26.2205162 ], [ 86.5214442, 26.2548947 ], [ 86.5217556, 26.2551592 ], [ 86.5217556, 26.2551592 ], [ 86.5055627, 26.2556881 ], [ 86.5068084, 26.272084 ], [ 86.523624, 26.2776374 ], [ 86.5354573, 26.3030247 ], [ 86.561615, 26.3051403 ], [ 86.5992946, 26.3426922 ], [ 86.6323031, 26.3329075 ], [ 86.6553468, 26.3662283 ], [ 86.703614, 26.367815 ], [ 86.703614, 26.367815 ], [ 86.7042368, 26.3694017 ], [ 86.7092192, 26.3781285 ], [ 86.7079736, 26.3802441 ], [ 86.7188727, 26.4133004 ], [ 86.7241665, 26.4228206 ], [ 86.7232323, 26.4257296 ], [ 86.7201183, 26.4349853 ], [ 86.6998772, 26.4376298 ], [ 86.6924036, 26.4513813 ], [ 86.6316803, 26.4646038 ], [ 86.613619, 26.4878754 ], [ 86.5703342, 26.4966023 ], [ 86.5419967, 26.5383854 ], [ 86.4971549, 26.5426166 ], [ 86.4560499, 26.5677394 ], [ 86.3953267, 26.5854575 ], [ 86.3968837, 26.5939199 ], [ 86.3408314, 26.6060847 ], [ 86.3430112, 26.6171916 ], [ 86.332735, 26.6195716 ], [ 86.252082, 26.6171916 ], [ 86.2343321, 26.5904821 ], [ 86.2181393, 26.5886309 ], [ 86.1960298, 26.5939199 ], [ 86.1910473, 26.6148115 ], [ 86.1359293, 26.6063491 ], [ 86.1377977, 26.6293563 ], [ 86.0281844, 26.6661149 ], [ 85.9593647, 26.6513057 ], [ 85.9472201, 26.6132248 ], [ 85.9282246, 26.6161338 ], [ 85.8587821, 26.5690616 ], [ 85.8491286, 26.5703839 ], [ 85.8578479, 26.5896887 ], [ 85.8506856, 26.6084647 ], [ 85.8173657, 26.6026468 ], [ 85.8167429, 26.6002668 ], [ 85.8055324, 26.5547813 ], [ 85.8254621, 26.5415588 ], [ 85.7980588, 26.4963378 ], [ 85.7877826, 26.4966023 ], [ 85.7899624, 26.5148493 ], [ 85.7762607, 26.5161716 ], [ 85.7591336, 26.4905199 ], [ 85.7597564, 26.489991 ], [ 85.7747037, 26.4788841 ], [ 85.7787519, 26.4759751 ], [ 85.7790633, 26.4759751 ], [ 85.803664, 26.481793 ], [ 85.8117605, 26.4685705 ], [ 85.7930764, 26.4548191 ], [ 85.7647389, 26.471215 ], [ 85.7600678, 26.4696283 ], [ 85.7550854, 26.4683061 ], [ 85.75166, 26.4672483 ], [ 85.7553968, 26.4532324 ], [ 85.7719011, 26.4452989 ], [ 85.7666073, 26.4360431 ] ] ] } },
{ "type": "Feature", "properties": { "dt_code": "211", "district": "Purnia", "st_code": "10", "year": "2011_c", "st_nm": "Bihar" }, "geometry": { "type": "Polygon", "coordinates": [ [ [ 87.8274616, 25.8912756 ], [ 87.8296414, 25.8928623 ], [ 87.8255932, 25.9111094 ], [ 87.8097117, 25.9126961 ], [ 87.8100231, 25.9137539 ], [ 87.818431, 25.9296209 ], [ 87.8218564, 25.9357033 ], [ 87.8265274, 25.9441657 ], [ 87.8265274, 25.9446946 ], [ 87.8259046, 25.9460168 ], [ 87.8190538, 25.9624127 ], [ 87.8140714, 25.9748419 ], [ 87.8371151, 25.9872711 ], [ 87.8467685, 25.9925601 ], [ 87.8411633, 25.9965268 ], [ 87.8389835, 25.9978491 ], [ 87.8517509, 26.0261452 ], [ 87.8536193, 26.0298475 ], [ 87.8551763, 26.0324921 ], [ 87.8498825, 26.0391033 ], [ 87.8480141, 26.0412189 ], [ 87.871992, 26.0705729 ], [ 87.8635842, 26.0734818 ], [ 87.8635842, 26.0734818 ], [ 87.8716806, 26.0922578 ], [ 87.8729262, 26.0956957 ], [ 87.8682552, 26.1057448 ], [ 87.8617158, 26.0935801 ], [ 87.8025495, 26.1009847 ], [ 87.778883, 26.0898778 ], [ 87.7770146, 26.1054803 ], [ 87.7527253, 26.1065381 ], [ 87.7480543, 26.0970179 ], [ 87.7166027, 26.117645 ], [ 87.7147343, 26.1168517 ], [ 87.6848398, 26.1023069 ], [ 87.6804802, 26.1001913 ], [ 87.6835942, 26.0970179 ], [ 87.679546, 26.0800931 ], [ 87.6761205, 26.0750685 ], [ 87.6689583, 26.0750685 ], [ 87.6611733, 26.080622 ], [ 87.643112, 26.075333 ], [ 87.638441, 26.0740107 ], [ 87.635327, 26.0729529 ], [ 87.6440462, 26.0655483 ], [ 87.6244279, 26.0480946 ], [ 87.6228709, 26.0470368 ], [ 87.6356384, 26.0335499 ], [ 87.63377, 26.016625 ], [ 87.5185514, 25.9737841 ], [ 87.5070296, 25.9893867 ], [ 87.4861657, 25.9774864 ], [ 87.4699728, 25.9891222 ], [ 87.4148548, 25.9917667 ], [ 87.4136092, 25.9912378 ], [ 87.4030215, 25.9875355 ], [ 87.3995961, 25.9626772 ], [ 87.3871401, 25.963735 ], [ 87.3921225, 25.9558015 ], [ 87.3497719, 25.9822465 ], [ 87.3086669, 25.979602 ], [ 87.2890486, 25.9581815 ], [ 87.2818864, 25.9817176 ], [ 87.2797066, 25.9827754 ], [ 87.275347, 25.9843621 ], [ 87.2716101, 25.9856844 ], [ 87.2354876, 25.9621483 ], [ 87.232685, 25.944959 ], [ 87.2127553, 25.9565948 ], [ 87.2083957, 25.9589749 ], [ 87.1647995, 25.9431079 ], [ 87.1373962, 25.9552726 ], [ 87.1274313, 25.9494547 ], [ 87.1087472, 25.9647928 ], [ 87.1075016, 25.9658506 ], [ 87.0797869, 25.9645283 ], [ 87.0794755, 25.9645283 ], [ 87.0629712, 25.9634705 ], [ 87.0626598, 25.9632061 ], [ 87.0554976, 25.9473391 ], [ 87.0268487, 25.9565948 ], [ 87.0150154, 25.9446946 ], [ 86.9897919, 25.9454879 ], [ 87.006919, 25.8970935 ], [ 87.0203092, 25.9010603 ], [ 87.0312083, 25.8904823 ], [ 87.0231118, 25.8724996 ], [ 87.0421073, 25.8476413 ], [ 87.0330767, 25.8206674 ], [ 87.0187522, 25.8206674 ], [ 87.0081646, 25.745828 ], [ 87.0081646, 25.7445057 ], [ 87.048024, 25.6947891 ], [ 87.0259145, 25.6548571 ], [ 87.0439757, 25.6268254 ], [ 87.0405503, 25.5990581 ], [ 87.0579888, 25.5805466 ], [ 87.0523836, 25.5268632 ], [ 87.100028, 25.5199875 ], [ 87.100028, 25.5191941 ], [ 87.0981596, 25.4906335 ], [ 87.0785413, 25.4713286 ], [ 87.0822781, 25.4430324 ], [ 87.0825895, 25.442768 ], [ 87.103142, 25.4329833 ], [ 87.1495408, 25.4364212 ], [ 87.1644881, 25.4517593 ], [ 87.1825494, 25.4411813 ], [ 87.1828608, 25.4409168 ], [ 87.1834836, 25.4411813 ], [ 87.2049703, 25.450437 ], [ 87.2177377, 25.4559905 ], [ 87.2317508, 25.4620728 ], [ 87.2317508, 25.4620728 ], [ 87.2317508, 25.4623373 ], [ 87.2283254, 25.4792621 ], [ 87.2093299, 25.4829644 ], [ 87.2080843, 25.506236 ], [ 87.2202289, 25.5083516 ], [ 87.2233429, 25.5371767 ], [ 87.2681847, 25.5622995 ], [ 87.2485664, 25.626032 ], [ 87.2579085, 25.6416346 ], [ 87.2765926, 25.647188 ], [ 87.2781496, 25.6474525 ], [ 87.2622681, 25.6527415 ], [ 87.2407814, 25.6961113 ], [ 87.2438954, 25.7021937 ], [ 87.2529261, 25.711185 ], [ 87.2669391, 25.7138295 ], [ 87.2772154, 25.7093338 ], [ 87.3376272, 25.6823599 ], [ 87.3650306, 25.6897645 ], [ 87.4148548, 25.6752198 ], [ 87.4814947, 25.6836822 ], [ 87.4849201, 25.6731042 ], [ 87.5045384, 25.6670218 ], [ 87.5054726, 25.6813021 ], [ 87.5257137, 25.6736331 ], [ 87.5400381, 25.6868556 ], [ 87.5394153, 25.6707241 ], [ 87.5711783, 25.6593527 ], [ 87.5777177, 25.6696663 ], [ 87.5521828, 25.6813021 ], [ 87.5571652, 25.6895001 ], [ 87.6163315, 25.6823599 ], [ 87.6381296, 25.6945246 ], [ 87.6496514, 25.6826244 ], [ 87.6670899, 25.6889712 ], [ 87.6730065, 25.7043093 ], [ 87.684217, 25.7016648 ], [ 87.6851512, 25.7468858 ], [ 87.7035239, 25.7495303 ], [ 87.6963616, 25.7529681 ], [ 87.7103747, 25.7653973 ], [ 87.7390236, 25.7659262 ], [ 87.7521025, 25.7508525 ], [ 87.7739006, 25.7558771 ], [ 87.7872908, 25.7437124 ], [ 87.7869794, 25.7476791 ], [ 87.7860452, 25.7627528 ], [ 87.8050407, 25.7603727 ], [ 87.8065977, 25.7603727 ], [ 87.8087775, 25.7791487 ], [ 87.8302642, 25.7868178 ], [ 87.8305756, 25.7868178 ], [ 87.8174968, 25.8312454 ], [ 87.7966329, 25.8442035 ], [ 87.8174968, 25.8457902 ], [ 87.8212336, 25.8603349 ], [ 87.8072205, 25.8762019 ], [ 87.8274616, 25.8912756 ] ] ] } },
{ "type": "Feature", "properties": { "dt_code": "210", "district": "Kishanganj", "st_code": "10", "year": "2011_c", "st_nm": "Bihar" }, "geometry": { "type": "MultiPolygon", "coordinates": [ [ [ [ 87.8218564, 25.9357033 ], [ 87.8305756, 25.932001 ], [ 87.8349352, 25.9330588 ], [ 87.8368037, 25.9407278 ], [ 87.8346238, 25.9462813 ], [ 87.8402291, 25.9563304 ], [ 87.8461457, 25.9814532 ], [ 87.8467685, 25.9925601 ], [ 87.8371151, 25.9872711 ], [ 87.8140714, 25.9748419 ], [ 87.8190538, 25.9624127 ], [ 87.8259046, 25.9460168 ], [ 87.8265274, 25.9446946 ], [ 87.8265274, 25.9441657 ], [ 87.8218564, 25.9357033 ] ] ], [ [ [ 87.8411633, 25.9965268 ], [ 87.8511281, 25.9981135 ], [ 87.8520623, 26.0063115 ], [ 87.8536193, 26.0197984 ], [ 87.8536193, 26.0298475 ], [ 87.8517509, 26.0261452 ], [ 87.8389835, 25.9978491 ], [ 87.8411633, 25.9965268 ] ] ], [ [ [ 87.6848398, 26.1023069 ], [ 87.7147343, 26.1168517 ], [ 87.7166027, 26.117645 ], [ 87.7480543, 26.0970179 ], [ 87.7527253, 26.1065381 ], [ 87.7770146, 26.1054803 ], [ 87.778883, 26.0898778 ], [ 87.8025495, 26.1009847 ], [ 87.8617158, 26.0935801 ], [ 87.8682552, 26.1057448 ], [ 87.8729262, 26.0956957 ], [ 87.8716806, 26.0922578 ], [ 87.8635842, 26.0734818 ], [ 87.8635842, 26.0734818 ], [ 87.871992, 26.0705729 ], [ 87.8480141, 26.0412189 ], [ 87.8498825, 26.0391033 ], [ 87.857979, 26.0356655 ], [ 87.8863165, 26.0433345 ], [ 87.8934787, 26.0639616 ], [ 87.9267987, 26.0840599 ], [ 87.9352065, 26.0642261 ], [ 87.9489082, 26.0602593 ], [ 87.9535792, 26.075333 ], [ 87.9822281, 26.0726885 ], [ 87.9809825, 26.0848532 ], [ 87.9641668, 26.0949023 ], [ 87.9887675, 26.1052159 ], [ 87.9853421, 26.1173806 ], [ 87.9688378, 26.1192317 ], [ 87.9819167, 26.1274297 ], [ 87.9750659, 26.1430323 ], [ 87.9925043, 26.1509658 ], [ 87.998421, 26.1395944 ], [ 88.0105656, 26.1454123 ], [ 88.00932, 26.160486 ], [ 88.0348549, 26.1792619 ], [ 88.0731573, 26.1752952 ], [ 88.1164421, 26.2236896 ], [ 88.141977, 26.2263341 ], [ 88.1460252, 26.2501346 ], [ 88.1765426, 26.2541014 ], [ 88.1855732, 26.2707617 ], [ 88.2276124, 26.2847776 ], [ 88.2310378, 26.3011735 ], [ 88.2503447, 26.3114871 ], [ 88.2531473, 26.3344942 ], [ 88.274634, 26.3313208 ], [ 88.274634, 26.3313208 ], [ 88.2749454, 26.3310564 ], [ 88.2749454, 26.3310564 ], [ 88.2799278, 26.3305275 ], [ 88.285533, 26.3474523 ], [ 88.2995461, 26.3506257 ], [ 88.2874015, 26.3580303 ], [ 88.2833532, 26.3778641 ], [ 88.2444281, 26.3757485 ], [ 88.2413141, 26.380773 ], [ 88.2378886, 26.3857976 ], [ 88.2341518, 26.39188 ], [ 88.2372658, 26.3950534 ], [ 88.2612437, 26.4199117 ], [ 88.2727656, 26.4191183 ], [ 88.2509675, 26.4331342 ], [ 88.2450509, 26.4474145 ], [ 88.2406913, 26.4579925 ], [ 88.2403798, 26.4574636 ], [ 88.2151563, 26.4772974 ], [ 88.2276124, 26.4918421 ], [ 88.1983407, 26.484702 ], [ 88.183082, 26.5045358 ], [ 88.1821478, 26.5055936 ], [ 88.2353974, 26.5447322 ], [ 88.2310378, 26.5714417 ], [ 88.2244984, 26.5727639 ], [ 88.2170247, 26.5732928 ], [ 88.2182704, 26.5534591 ], [ 88.18931, 26.5595414 ], [ 88.1790338, 26.5449966 ], [ 88.1684461, 26.5534591 ], [ 88.1665777, 26.5357409 ], [ 88.1460252, 26.5222539 ], [ 88.1095913, 26.5481701 ], [ 88.0980694, 26.5476412 ], [ 88.1077229, 26.5336253 ], [ 88.0986922, 26.5129982 ], [ 88.1105255, 26.4976601 ], [ 88.1058545, 26.4743884 ], [ 88.0909072, 26.468835 ], [ 88.0990036, 26.4561414 ], [ 88.0684863, 26.4151516 ], [ 88.0342321, 26.3929378 ], [ 88.0295611, 26.3680794 ], [ 88.0192849, 26.3638482 ], [ 87.9956184, 26.3659638 ], [ 87.9918815, 26.3926733 ], [ 87.9261759, 26.4185894 ], [ 87.9152768, 26.4320764 ], [ 87.923996, 26.4468856 ], [ 87.8984611, 26.4492657 ], [ 87.9096716, 26.458257 ], [ 87.8884963, 26.4868176 ], [ 87.8586018, 26.4638104 ], [ 87.86265, 26.4527035 ], [ 87.8480141, 26.4368365 ], [ 87.7869794, 26.4675127 ], [ 87.7639357, 26.410127 ], [ 87.7390236, 26.4175316 ], [ 87.7337298, 26.407747 ], [ 87.7128659, 26.4273163 ], [ 87.6770547, 26.4355142 ], [ 87.6776776, 26.4156805 ], [ 87.6496514, 26.4058958 ], [ 87.6583707, 26.3797152 ], [ 87.636884, 26.3791863 ], [ 87.6406208, 26.3646416 ], [ 87.6247393, 26.3450723 ], [ 87.6110377, 26.3458656 ], [ 87.6281647, 26.3175694 ], [ 87.6652215, 26.298529 ], [ 87.6652215, 26.2982646 ], [ 87.6593049, 26.2712906 ], [ 87.6739407, 26.2662661 ], [ 87.6711381, 26.2630927 ], [ 87.6642873, 26.2554236 ], [ 87.6758091, 26.2464323 ], [ 87.6742521, 26.2395566 ], [ 87.687331, 26.2194584 ], [ 87.69823, 26.2083515 ], [ 87.7010327, 26.1980379 ], [ 87.7025897, 26.1927489 ], [ 87.7035239, 26.1895755 ], [ 87.6870196, 26.1782041 ], [ 87.7057037, 26.1615438 ], [ 87.6863968, 26.157577 ], [ 87.6948046, 26.1451479 ], [ 87.6848398, 26.1025714 ], [ 87.6848398, 26.1023069 ] ] ] ] } },
{ "type": "Feature", "properties": { "dt_code": "235", "district": "Aurangabad", "st_code": "10", "year": "2011_c", "st_nm": "Bihar" }, "geometry": { "type": "Polygon", "coordinates": [ [ [ 84.0081237, 24.6425415 ], [ 84.0084351, 24.6428059 ], [ 84.0520312, 24.6102786 ], [ 84.0504742, 24.5867425 ], [ 84.0619961, 24.5867425 ], [ 84.0585707, 24.5721977 ], [ 84.0732065, 24.5674376 ], [ 84.0775662, 24.5415215 ], [ 84.0931362, 24.5343813 ], [ 84.0856626, 24.5063496 ], [ 84.1083949, 24.4775245 ], [ 84.1248992, 24.4809624 ], [ 84.125522, 24.4923338 ], [ 84.1407806, 24.5005317 ], [ 84.1345526, 24.5243322 ], [ 84.1457631, 24.5375547 ], [ 84.1632015, 24.533588 ], [ 84.1563507, 24.5108453 ], [ 84.1781488, 24.5052918 ], [ 84.1856224, 24.5219522 ], [ 84.172855, 24.5452238 ], [ 84.1884251, 24.5534218 ], [ 84.1915391, 24.5536862 ], [ 84.1946531, 24.5542151 ], [ 84.1999469, 24.554744 ], [ 84.2130258, 24.5354391 ], [ 84.2167626, 24.5380836 ], [ 84.220188, 24.547075 ], [ 84.2354467, 24.5502484 ], [ 84.2357581, 24.5391414 ], [ 84.2569334, 24.5269767 ], [ 84.2796657, 24.5473394 ], [ 84.270635, 24.560033 ], [ 84.2964813, 24.5608264 ], [ 84.3260645, 24.4899537 ], [ 84.3721519, 24.5097875 ], [ 84.3709063, 24.5288279 ], [ 84.3858535, 24.5301501 ], [ 84.3917702, 24.5671732 ], [ 84.4029806, 24.5727266 ], [ 84.4213533, 24.5520995 ], [ 84.4369234, 24.5727266 ], [ 84.4478224, 24.5357036 ], [ 84.4677521, 24.5362325 ], [ 84.4842564, 24.5134898 ], [ 84.546848, 24.5267123 ], [ 84.5814136, 24.5618842 ], [ 84.5655321, 24.5708755 ], [ 84.5966723, 24.5959983 ], [ 84.6022775, 24.655764 ], [ 84.6343518, 24.650475 ], [ 84.6452509, 24.6787712 ], [ 84.6997461, 24.6785067 ], [ 84.7025487, 24.6983405 ], [ 84.7224784, 24.6993983 ], [ 84.7290179, 24.7438259 ], [ 84.7168732, 24.7647175 ], [ 84.7349345, 24.7652464 ], [ 84.7249696, 24.7882536 ], [ 84.7355573, 24.7946004 ], [ 84.7050399, 24.799096 ], [ 84.6953865, 24.8318879 ], [ 84.6751454, 24.831359 ], [ 84.673277, 24.8485482 ], [ 84.6511675, 24.855424 ], [ 84.6399571, 24.8741999 ], [ 84.6461851, 24.8800178 ], [ 84.6695402, 24.8710265 ], [ 84.6633122, 24.8882158 ], [ 84.6807506, 24.8903314 ], [ 84.6829305, 24.9014383 ], [ 84.7044171, 24.9009094 ], [ 84.7053514, 24.9019672 ], [ 84.7165618, 24.924181 ], [ 84.711268, 24.9540639 ], [ 84.7358687, 24.9612041 ], [ 84.7343117, 24.9686087 ], [ 84.7296407, 24.9738977 ], [ 84.7324433, 24.9757488 ], [ 84.7461449, 24.9847401 ], [ 84.7464563, 25.0006071 ], [ 84.7181188, 25.0056317 ], [ 84.7013031, 25.0368368 ], [ 84.6988119, 25.0418614 ], [ 84.7302635, 25.0397458 ], [ 84.7336889, 25.0553483 ], [ 84.7358687, 25.0688353 ], [ 84.6851103, 25.099776 ], [ 84.6745226, 25.0929003 ], [ 84.6527245, 25.1040072 ], [ 84.6271896, 25.0796778 ], [ 84.6025889, 25.0902558 ], [ 84.5814136, 25.0728021 ], [ 84.5941811, 25.1024205 ], [ 84.5680233, 25.105065 ], [ 84.5645979, 25.1169653 ], [ 84.539063, 25.1045361 ], [ 84.5076115, 25.1077095 ], [ 84.4721117, 25.0905202 ], [ 84.4652609, 25.0963381 ], [ 84.4590329, 25.102156 ], [ 84.4711775, 25.115643 ], [ 84.4468882, 25.1280722 ], [ 84.4232217, 25.0807356 ], [ 84.4194849, 25.0783555 ], [ 84.3469284, 25.0352501 ], [ 84.3052006, 25.0101274 ], [ 84.1874909, 24.8691754 ], [ 84.084417, 24.7694776 ], [ 84.0738293, 24.7541395 ], [ 84.0134175, 24.6547062 ], [ 84.0078123, 24.6428059 ], [ 84.0081237, 24.6425415 ] ] ] } }
]
}
